CREATE DATABASE  IF NOT EXISTS `docbookmarks` /*!40100 DEFAULT CHARACTER SET utf8 */;
USE `docbookmarks`;
-- MySQL dump 10.13  Distrib 5.6.13, for Win32 (x86)
--
-- Host: S1308DRUPAL01    Database: docbookmarks
-- ------------------------------------------------------
-- Server version	5.6.13-log

/*!40101 SET @OLD_CHARACTER_SET_CLIENT=@@CHARACTER_SET_CLIENT */;
/*!40101 SET @OLD_CHARACTER_SET_RESULTS=@@CHARACTER_SET_RESULTS */;
/*!40101 SET @OLD_COLLATION_CONNECTION=@@COLLATION_CONNECTION */;
/*!40101 SET NAMES utf8 */;
/*!40103 SET @OLD_TIME_ZONE=@@TIME_ZONE */;
/*!40103 SET TIME_ZONE='+00:00' */;
/*!40014 SET @OLD_UNIQUE_CHECKS=@@UNIQUE_CHECKS, UNIQUE_CHECKS=0 */;
/*!40014 SET @OLD_FOREIGN_KEY_CHECKS=@@FOREIGN_KEY_CHECKS, FOREIGN_KEY_CHECKS=0 */;
/*!40101 SET @OLD_SQL_MODE=@@SQL_MODE, SQL_MODE='NO_AUTO_VALUE_ON_ZERO' */;
/*!40111 SET @OLD_SQL_NOTES=@@SQL_NOTES, SQL_NOTES=0 */;

--
-- Table structure for table `databasechangelog`
--

DROP TABLE IF EXISTS `databasechangelog`;
/*!40101 SET @saved_cs_client     = @@character_set_client */;
/*!40101 SET character_set_client = utf8 */;
CREATE TABLE `databasechangelog` (
  `ID` varchar(63) NOT NULL,
  `AUTHOR` varchar(63) NOT NULL,
  `FILENAME` varchar(200) NOT NULL,
  `DATEEXECUTED` datetime NOT NULL,
  `ORDEREXECUTED` int(11) NOT NULL,
  `EXECTYPE` varchar(10) NOT NULL,
  `MD5SUM` varchar(35) DEFAULT NULL,
  `DESCRIPTION` varchar(255) DEFAULT NULL,
  `COMMENTS` varchar(255) DEFAULT NULL,
  `TAG` varchar(255) DEFAULT NULL,
  `LIQUIBASE` varchar(20) DEFAULT NULL,
  PRIMARY KEY (`ID`,`AUTHOR`,`FILENAME`)
) ENGINE=InnoDB DEFAULT CHARSET=utf8;
/*!40101 SET character_set_client = @saved_cs_client */;

--
-- Dumping data for table `databasechangelog`
--

LOCK TABLES `databasechangelog` WRITE;
/*!40000 ALTER TABLE `databasechangelog` DISABLE KEYS */;
INSERT INTO `databasechangelog` VALUES ('addCredentialsColumn','tdillon','liquibase/deploy_1.x.xml','2014-11-19 09:19:01',10,'EXECUTED','7:1ad8f1221663798463a1edfc24248d66','Adds a new column to an existing table','',NULL,'3.0.0-SNP'),('addDocBookmarkTestRows','tdillon','liquibase/deploy_1.x.xml','2014-11-19 09:19:01',9,'EXECUTED','7:8c131165d3034c255e1beb9c585693e6','Inserts data into an existing table','',NULL,'3.0.0-SNP'),('addDocShellIsDone','tdillon','liquibase/deploy_1.x.xml','2014-11-19 09:19:02',14,'EXECUTED','7:0d7f40fda77c13bf54df89cb5b678739','Adds a new column to an existing table','',NULL,'3.0.0-SNP'),('addDocShellTestRows','tdillon','liquibase/deploy_1.x.xml','2014-11-19 09:19:01',8,'EXECUTED','7:e13db43de7ec30ed0cfb3ab048b764d4','Inserts data into an existing table','',NULL,'3.0.0-SNP'),('addFKUserIdToSecureId','tdillon','liquibase/deploy_1.x.xml','2014-11-19 09:19:01',13,'EXECUTED','7:93198606bd5507a32093098da2fe48ae','Adds a foreign key constraint to an existing column','',NULL,'3.0.0-SNP'),('addforeignKeyToDocShellforUserId','tdillon','liquibase/deploy_1.x.xml','2014-11-19 09:19:02',16,'EXECUTED','7:b5a718ada539968748b7451bed4a81fe','Adds a foreign key constraint to an existing column','',NULL,'3.0.0-SNP'),('addforeignKeyToUserRoleforUserName','tdillon','liquibase/deploy_1.x.xml','2014-11-19 09:19:02',34,'EXECUTED','7:2c3fb2bc4f96d3a491f1cc37dbf58f0b','Adds a foreign key constraint to an existing column','',NULL,'3.0.0-SNP'),('addMappedBookmarkTestRows2','tdillon','liquibase/deploy_1.x.xml','2014-11-19 09:19:01',12,'EXECUTED','7:19e302b297a88d10e0409eca94487a28','Inserts data into an existing table','',NULL,'3.0.0-SNP'),('addNonLockedAcctColumn','tdillon','liquibase/deploy_1.x.xml','2014-11-19 09:19:02',19,'EXECUTED','7:ce5e867e38f2264f0ec5117e2625bdd1','Adds a new column to an existing table','',NULL,'3.0.0-SNP'),('addUserAttemptsRows1','tdillon','liquibase/deploy_1.x.xml','2014-11-19 09:19:02',21,'EXECUTED','7:361b90ab9d54403063cd6a5618b4e7b6','Inserts data into an existing table','',NULL,'3.0.0-SNP'),('addUserAttemptsRowscsevedg','tdillon','liquibase/deploy_1.x.xml','2014-11-19 09:19:02',32,'EXECUTED','7:d58c2ef8da44b31ae38d156079a1648e','Inserts data into an existing table','',NULL,'3.0.0-SNP'),('addUserAttemptsRowsCSTONER','tdillon','liquibase/deploy_1.x.xml','2014-11-19 09:19:02',23,'EXECUTED','7:687d4c6b0b168f178acbbbee80fe380d','Inserts data into an existing table','',NULL,'3.0.0-SNP'),('addUserAttemptsRowsfqian','tdillon','liquibase/deploy_1.x.xml','2014-11-19 09:19:02',29,'EXECUTED','7:a2a4febe2a758799b76c807a9ed4fd5f','Inserts data into an existing table','',NULL,'3.0.0-SNP'),('addUserAttemptsRowslrogers','tdillon','liquibase/deploy_1.x.xml','2014-11-19 09:19:02',26,'EXECUTED','7:bef6ed456e3fb8af5653fbeb3ca62d85','Inserts data into an existing table','',NULL,'3.0.0-SNP'),('addUserAttemptsTable','tdillon','liquibase/deploy_1.x.xml','2014-11-19 09:19:02',20,'EXECUTED','7:be1865ecd855345f05e6e033f2ddc32f','Create Table','',NULL,'3.0.0-SNP'),('addUserIdToDOCSHELL','tdillon','liquibase/deploy_1.x.xml','2014-11-19 09:19:02',15,'EXECUTED','7:6806374eadbce39b43df368003f359ae','The \'sql\' tag allows you to specify whatever sql you want. It is useful for complex changes that aren\'t supported through Liquibase\'s automated refactoring tags and to work around bugs and limitations of Liquibase. The SQL contained in the sql tag...','',NULL,'3.0.0-SNP'),('addUserRoleRows1','tdillon','liquibase/deploy_1.x.xml','2014-11-19 09:19:02',18,'EXECUTED','7:35ee626eb0d428b6f381dbb435711261','Inserts data into an existing table','',NULL,'3.0.0-SNP'),('addUserRoleRowscsevedg','tdillon','liquibase/deploy_1.x.xml','2014-11-19 09:19:02',33,'EXECUTED','7:dc6af8ae100d49c64b7eab5ecb325503','Inserts data into an existing table','',NULL,'3.0.0-SNP'),('addUserRoleRowsCSTONER','tdillon','liquibase/deploy_1.x.xml','2014-11-19 09:19:02',24,'EXECUTED','7:6cad616584be76cd66a20916e6b775de','Inserts data into an existing table','',NULL,'3.0.0-SNP'),('addUserRoleRowsfqian','tdillon','liquibase/deploy_1.x.xml','2014-11-19 09:19:02',30,'EXECUTED','7:edd0afd9345a2aca7518080aaaa39446','Inserts data into an existing table','',NULL,'3.0.0-SNP'),('addUserRoleRowslrogers','tdillon','liquibase/deploy_1.x.xml','2014-11-19 09:19:02',27,'EXECUTED','7:d26db92ebec331a95e5c5bd8d5e424aa','Inserts data into an existing table','',NULL,'3.0.0-SNP'),('addUserRole_table','tdillon','liquibase/deploy_1.x.xml','2014-11-19 09:19:02',17,'EXECUTED','7:fa7187bc479f5637807a244d4ada03d8','Create Table','',NULL,'3.0.0-SNP'),('addUserToMappedBookmark','tdillon','liquibase/deploy_1.x.xml','2014-11-19 09:19:01',11,'EXECUTED','7:773090bc714e56ce1ca5d1fd458fb32d','Adds a new column to an existing table','',NULL,'3.0.0-SNP'),('ADD_DISPLAYNAME150_COL','tdillon','liquibase/deploy_1.x.xml','2014-11-19 09:19:01',6,'EXECUTED','7:2c1f1055e84b3ab6f07d1d3def55a01d','Adds a new column to an existing table','',NULL,'3.0.0-SNP'),('ADD_HASDOCUMENTS_COL','tdillon','liquibase/deploy_1.x.xml','2014-11-19 09:19:01',7,'EXECUTED','7:032325df8ae5fd6bfe383f7d96f03845','Adds a new column to an existing table','',NULL,'3.0.0-SNP'),('CREATE_DOCBOOKMARKS','tdillon','liquibase/deploy_1.x.xml','2014-11-19 09:19:00',2,'EXECUTED','7:ad3dd39d172b0b57851553d198786ed2','Create Table','',NULL,'3.0.0-SNP'),('CREATE_DOC_SHELL','tdillon','liquibase/deploy_1.x.xml','2014-11-19 09:19:00',1,'EXECUTED','7:7cb1236d797066cbb35d36a11cd3b4e8','Create Table','',NULL,'3.0.0-SNP'),('CREATE_MAPPED_DOCBOOKMARK','tdillon','liquibase/deploy_1.x.xml','2014-11-19 09:19:01',3,'EXECUTED','7:0f24de2f7d296cc5a28cbf8529d7872b','Create Table, Adds creates a primary key out of an existing column or set of columns., Adds a foreign key constraint to an existing column (x2)','',NULL,'3.0.0-SNP'),('CREATE_SECURITY_USERS','tdillon','liquibase/deploy_1.x.xml','2014-11-19 09:19:01',4,'EXECUTED','7:e47f941b3b0b2e827dadfdbbe3a3280e','Create Table','',NULL,'3.0.0-SNP'),('DOCBOOKMARK_ROWS','tdillon','liquibase/populateDocBookmarkRows.xml','2014-11-19 09:19:03',35,'EXECUTED','7:d7375f93c0ef418017abd63ec3c559f9','Loads or updates data from a CSV file into an existing table. Differs from loadData by issuing a SQL batch that checks for the existence of a record. If found, the record is UPDATEd, else the record is INSERTed. Also, generates DELETE statements f...','',NULL,'3.0.0-SNP'),('DOC_SHELL_ROWS','tdillon','liquibase/populateDocShellRows.xml','2014-11-19 09:19:03',36,'EXECUTED','7:376f9b9bda6863074151d19cc3c6788f','Loads or updates data from a CSV file into an existing table. Differs from loadData by issuing a SQL batch that checks for the existence of a record. If found, the record is UPDATEd, else the record is INSERTed. Also, generates DELETE statements f...','',NULL,'3.0.0-SNP'),('INSERT_BASE_SEC_USER2','tdillon','liquibase/deploy_1.x.xml','2014-11-19 09:19:01',5,'EXECUTED','7:9dd6c83def861d94f284aa81b16cc632','Inserts data into an existing table','',NULL,'3.0.0-SNP'),('INSERT_BASE_SEC_USER_csevedg','tdillon','liquibase/deploy_1.x.xml','2014-11-19 09:19:02',31,'EXECUTED','7:d557138b94e27fc5c9c1ebb4114fc2be','Inserts data into an existing table','',NULL,'3.0.0-SNP'),('INSERT_BASE_SEC_USER_CSTONER','tdillon','liquibase/deploy_1.x.xml','2014-11-19 09:19:02',22,'EXECUTED','7:016fbe5df64fe431c3d9a806cf7dc1a8','Inserts data into an existing table','',NULL,'3.0.0-SNP'),('INSERT_BASE_SEC_USER_fqian','tdillon','liquibase/deploy_1.x.xml','2014-11-19 09:19:02',28,'EXECUTED','7:a49ab65765123c063d89479eb4a7bb8f','Inserts data into an existing table','',NULL,'3.0.0-SNP'),('INSERT_BASE_SEC_USER_lrogers','tdillon','liquibase/deploy_1.x.xml','2014-11-19 09:19:02',25,'EXECUTED','7:d633efc24db620ac3d01d83356df4bdf','Inserts data into an existing table','',NULL,'3.0.0-SNP');
/*!40000 ALTER TABLE `databasechangelog` ENABLE KEYS */;
UNLOCK TABLES;

--
-- Table structure for table `databasechangeloglock`
--

DROP TABLE IF EXISTS `databasechangeloglock`;
/*!40101 SET @saved_cs_client     = @@character_set_client */;
/*!40101 SET character_set_client = utf8 */;
CREATE TABLE `databasechangeloglock` (
  `ID` int(11) NOT NULL,
  `LOCKED` bit(1) NOT NULL,
  `LOCKGRANTED` datetime DEFAULT NULL,
  `LOCKEDBY` varchar(255) DEFAULT NULL,
  PRIMARY KEY (`ID`)
) ENGINE=InnoDB DEFAULT CHARSET=utf8;
/*!40101 SET character_set_client = @saved_cs_client */;

--
-- Dumping data for table `databasechangeloglock`
--

LOCK TABLES `databasechangeloglock` WRITE;
/*!40000 ALTER TABLE `databasechangeloglock` DISABLE KEYS */;
INSERT INTO `databasechangeloglock` VALUES (1,'\0',NULL,NULL);
/*!40000 ALTER TABLE `databasechangeloglock` ENABLE KEYS */;
UNLOCK TABLES;

--
-- Table structure for table `doc_bookmark`
--

DROP TABLE IF EXISTS `doc_bookmark`;
/*!40101 SET @saved_cs_client     = @@character_set_client */;
/*!40101 SET character_set_client = utf8 */;
CREATE TABLE `doc_bookmark` (
  `MARK_ID` int(11) NOT NULL AUTO_INCREMENT,
  `MARK_NAME` varchar(150) DEFAULT NULL,
  `INTERNAL_NAME` varchar(150) DEFAULT NULL,
  `MARK_SQL` varchar(1000) DEFAULT NULL,
  `DOC_SUBTYPE_ID` int(11) DEFAULT NULL,
  `DOC_TYPE_NAME` varchar(100) DEFAULT NULL,
  PRIMARY KEY (`MARK_ID`)
) ENGINE=InnoDB AUTO_INCREMENT=670 DEFAULT CHARSET=utf8;
/*!40101 SET character_set_client = @saved_cs_client */;

--
-- Dumping data for table `doc_bookmark`
--

LOCK TABLES `doc_bookmark` WRITE;
/*!40000 ALTER TABLE `doc_bookmark` DISABLE KEYS */;
INSERT INTO `doc_bookmark` VALUES (1,'TEST','TEST',NULL,-1,'Test'),(51,'Rcpt Address','RCPT_ADDRESS',NULL,-1,'Member'),(52,'User Info','USER_INFO',NULL,-1,'Member'),(53,'Current Date','CURRENT_DATE',NULL,-1,'Member'),(54,'Member Address','MEMBER_ADDRESS',NULL,-1,'Member'),(55,'Member Dependent Address','MEMBER_DEPENDENT_ADDRESS',NULL,-1,'Member'),(56,'Person Address','PERSON_ADDRESS',NULL,-1,'Member'),(57,'Member Info','MEMBER_INFO',NULL,-1,'Member'),(58,'Dependent Info','DEPENDENT_INFO',NULL,-1,'Member'),(59,'Member Dependent Info','MEMBER_DEPENDENT_INFO',NULL,-1,'Member'),(60,'Person Information','PERSON_INFO',NULL,-1,'Member'),(61,'Employer Information','EMPLOYER_INFORMATION',NULL,-1,'Employer'),(69,'Member Self Service Document Page Link','V3_MEMBER_SS_WEBSITE_DOCUMENT_PAGE_INFO',NULL,-1,'Member'),(74,'Current Date(mmddyyyy)','CURRENT_DATE1',NULL,-1,'Employer'),(75,'Compliance Issue','COMPLIANCE_ISSUE',NULL,-1,'Employer'),(76,'Employer Name','EMPLOYER_NAME',NULL,-1,'Employer'),(77,'Review Date','REVIEW_DATE',NULL,-1,'Employer'),(78,'Reporting Officer Address','REPORTING_OFFICER_ADDRESS',NULL,-1,'Employer'),(81,'Member Adjustments Grid','MEMBER_ADJUSTMENTS_GRID',NULL,-1,'Member'),(82,'Contrib Sum','Contrib_Sum',NULL,-1,'Member'),(83,'Total Empl Amt Due','Ttl_Empl_Amt_Due',NULL,-1,'Member'),(84,'Inserted By','INSERTED_BY',NULL,-1,'Member'),(85,'Member Address Upper','MEMBER_ADDRESS_UPPER',NULL,-1,'Member'),(86,'Member Dependent Address Upper','MEMBER_DEPENDENT_ADDRESS_UPPER',NULL,-1,'Member'),(87,'Person Address Upper','PERSON_ADDRESS_UPPER',NULL,-1,'Member'),(88,'Member Info Upper','MEMBER_INFO_UPPER',NULL,-1,'Member'),(89,'Dependent Info Upper','DEPENDENT_INFO_UPPER',NULL,-1,'Member'),(90,'Member Dependent Info Upper','MEMBER_DEPENDENT_INFO_UPPER',NULL,-1,'Member'),(91,'Employer Information Upper','EMPLOYER_INFORMATION_UPPER',NULL,-1,'Employer'),(92,'Member Name Info','MEMBER_NAME_INFO',NULL,-1,'Member'),(93,'Member Address Info','MEMBER_ADDRESS_INFO',NULL,-1,'Member'),(95,'Dependent Cnt','DEPENDENT_CNT',NULL,-1,'Member'),(96,'Beneficiary Cnt','BENEFICIARY_CNT',NULL,-1,'Member'),(99,'Member Alt ID','MEMBER_ALT_ID',NULL,-1,'Member'),(104,'Reporting Official Name','REP_OFF_NAME',NULL,-1,'Employer'),(105,'Reporting Official Name Upper','REP_OFF_NAME_UPPER',NULL,-1,'Employer'),(106,'Reporting Officer Address Upper','REPORTING_OFFICER_ADDRESS_UPPER',NULL,-1,'Employer'),(107,'Employer Address upper','EMPLOYER_ADDRESS_UPPER',NULL,-1,'Employer'),(108,'Employer Contact Info','EMPLOYER_CONTACT_INFO',NULL,-1,'Employer'),(109,'Merge Employer Info','MERGE_EMPLOYER_INFO',NULL,-1,'Employer'),(114,'Member Address Grid 1','MEM_ADDR_GRID_1',NULL,-1,'Member'),(115,'Member Address Grid 2','MEM_ADDR_GRID_2',NULL,-1,'Member'),(116,'Member Address Grid 3','MEM_ADDR_GRID_3',NULL,-1,'Member'),(117,'Member Address Grid 4','MEM_ADDR_GRID_4',NULL,-1,'Member'),(118,'Member Address Grid 5','MEM_ADDR_GRID_5',NULL,-1,'Member'),(119,'Member Address Grid 6','MEM_ADDR_GRID_6',NULL,-1,'Member'),(120,'Reporting Official Name Init','REP_OFF_NAME_INIT',NULL,-1,'Employer'),(121,'Member Info Init','MEMBER_INFO_INIT',NULL,-1,'Member'),(122,'Dependent Info Init','DEPENDENT_INFO_INIT',NULL,-1,'Member'),(123,'Member Information','MEMBER_INFORMATION',NULL,-1,'Member'),(124,'Member Address Grid 7','MEM_ADDR_GRID_7',NULL,-1,'Member'),(125,'Member Address Grid 8','MEM_ADDR_GRID_8',NULL,-1,'Member'),(126,'Member Address Grid 9','MEM_ADDR_GRID_9',NULL,-1,'Member'),(128,'Beneficiary Statement List','BENEFICIARY_STMT_LIST',NULL,-1,'Member'),(130,'Previous Year','PREVIOUS_YEAR',NULL,-1,'Employer'),(131,'Employer Contact List','EMPLOYER_CONTACT_LIST',NULL,-1,'Employer'),(134,'Final report Date','FINAL_REPORT_DATE',NULL,-1,'Employer'),(135,'Next Due Date','NEXT_DUE_DATE',NULL,-1,'Employer'),(137,'Member Beneficiary Info Init','MEMBER_BENEFICIARY_INFO_INIT',NULL,-1,'Member'),(138,'Eft Info','EFT_INFO',NULL,-1,'Employer'),(140,'Member Old Address','MEMBER_OLD_ADDRESS',NULL,-1,'Member'),(141,'Member Address Grid','MEM_ADDR_GRID',NULL,-1,'Member'),(142,'Employer Address','EMPLOYER_ADDRESS',NULL,-1,'Employer'),(144,'Reporting Official Name By Stop Date','RO_NAME_BY_STOPDATE',NULL,-1,'Employer'),(157,'User Information (IPERS)','USER_INFO_IPERS',NULL,-1,'Employer'),(158,'Employee Under 6 Month Instruction Letter Table','EMP_UNDER_SIX_MONTH_INSTR_LETTER_TABLE',NULL,93,'Employer'),(159,'User Title Info','USER_TITLE',NULL,-1,'Employer'),(163,'Member Job Category','MEMBER_JOB_CATEGORY',NULL,-1,'Member'),(164,'Owner Name','OWNER_NAME',NULL,-1,'Employer'),(165,'Member Custom Comments','MEMBER_CUSTOM_COMMENTS',NULL,-1,'Member'),(182,'Taxable Amount','TAXABLE_AMOUNT',NULL,-1,'Member'),(183,'Non-Taxable Amount','NON_TAXABLE_AMOUNT',NULL,-1,'Member'),(184,'Federal WH Amount','FEDERAL_WH_AMOUNT',NULL,-1,'Member'),(185,'State WH Amount','STATE_WH_AMOUNT',NULL,-1,'Member'),(186,'Member ID','MEMBER_ID',NULL,-1,'Member'),(187,'Full User Info','FULL_USER_INFO',NULL,-1,'Member'),(188,'Member Meeting Details','MEM_MEETING_DETAILS',NULL,-1,'Member'),(189,'Conference Location Address','CONF_LOCATION_ADDRESS',NULL,-1,'Employer'),(201,'Conference Date','CONFERENCE_DATE',NULL,-1,'Member'),(202,'Facility Name','FACILITY_NAME',NULL,-1,'Member'),(203,'Facility Address','FACILITY_ADDRESS',NULL,-1,'Member'),(205,'Conference Start Year','CONFERENCE_START_YEAR',NULL,123,'Employer'),(206,'Conference End Year','CONFERENCE_END_YEAR',NULL,123,'Employer'),(207,'Conference Start Month','CONFERENCE_START_MONTH',NULL,123,'Employer'),(208,'Conference End Month','CONFERENCE_END_MONTH',NULL,123,'Employer'),(209,'Registration Due Date','DUE_DATE',NULL,123,'Employer'),(210,'Employer Contact Email','EMP_CONTACT_EMAIL',NULL,123,'Employer'),(211,'Employer Training Table','EMP_TRAIN_NOTIFICATION_TABLE',NULL,-1,'Employer'),(212,'Legal Mark','Legal_Mark',NULL,124,'Legal'),(214,'Contact Address Details','EMP_CONTACT_DETAILS',NULL,123,'Employer'),(215,'AP Info Name','AP_INFO_NAME',NULL,-1,'Member'),(216,'AP Info Address','AP_INFO_ADDRESS',NULL,-1,'Member'),(217,'AP Mail Date','AP_MAIL_DATE',NULL,-1,'Member'),(218,'SAP Info Name','SAP_INFO_NAME',NULL,-1,'Member'),(219,'SAP Info Address','SAP_INFO_ADDRESS',NULL,-1,'Member'),(220,'Date_Appeal_Recieved','DATE_APPEAL_RCVD',NULL,-1,'Member'),(221,'Date Annual Disability Verification letter','ANNUAL_DISB_LETTER_DATE',NULL,-1,'Member'),(222,'Court Order Number','COURT_ORDER_NUMBER',NULL,-1,'Member'),(223,'Due Date AP','DUE_DATE_AP',NULL,-1,'Member'),(224,'Due Date SAP','DUE_DATE_SAP',NULL,-1,'Member'),(225,'Representative Payee Name','REPRESENTATIVE_PAYEE_NAME',NULL,-1,'Member'),(226,'Authorized Agent','AUTHORIZED_AGENT',NULL,-1,'Member'),(227,'Representative Payee Address','REPRESENTATIVE_PAYEE_ADDRESS',NULL,-1,'Member'),(228,'Authorized Agent Complete Address','AUTHORIZED_AGENT_COMPLETE_ADDRESS',NULL,-1,'Member'),(229,'SSD First Request Date','SSD_FIRST_REQUEST_DATE',NULL,-1,'Member'),(230,'SSD Second Request Date','SSD_SECOND_REQUEST_DATE',NULL,-1,'Member'),(231,'AP_Complete_Name_Reminder','AP_COMPLETE_NAME_REM',NULL,-1,'Member'),(232,'AP_Complete_Address_Reminder','AP_COMPLETE_ADDR_REMINDER',NULL,-1,'Member'),(233,'Last4_SSN','LAST4_SSN',NULL,-1,'Member'),(234,'Meeting_Date','MEETING_DATE',NULL,-1,'Member'),(235,'Meeting_Time','MEETING_TIME',NULL,-1,'Member'),(236,'Refund Date Paid','REFUND_DATE_PAID',NULL,-1,'Member'),(237,'Payee_First_Name_Last_Name','PAYEE_FIRST_LAST_NAME',NULL,-1,'Member'),(238,'Payee_Complete_Address','PAYEE_COMPLETE_ADDRESS',NULL,-1,'Member'),(239,'Outdated_Warrant_Issue_Date2','OUTDATED_WARRENT_ISSUE_DATE2',NULL,-1,'Member'),(240,'Outdated_Warrant_Number2','OUTDATED_WARRENT_NUMBER2',NULL,-1,'Member'),(241,'Outdated_Warrant_Amt2','OUTDATED_WARRENT_AMOUNT2',NULL,-1,'Member'),(242,'Outdated_Warrant_Issue_Date3','OUTDATED_WARRENT_ISSUE_DATE3',NULL,-1,'Member'),(243,'Outdated_Warrant_Number3','OUTDATED_WARRENT_NUMBER3',NULL,-1,'Member'),(244,'Outdated_Warrant_Amt3','OUTDATED_WARRENT_AMOUNT3',NULL,-1,'Member'),(245,'Outdated_Warrant_Issue_Date4','OUTDATED_WARRENT_ISSUE_DATE4',NULL,-1,'Member'),(246,'Outdated_Warrant_Number4','OUTDATED_WARRENT_NUMBER4',NULL,-1,'Member'),(247,'Outdated_Warrant_Amt4','OUTDATED_WARRENT_AMOUNT4',NULL,-1,'Member'),(248,'Outdated_Warrant_Issue_Date5','OUTDATED_WARRENT_ISSUE_DATE5',NULL,-1,'Member'),(249,'Outdated_Warrant_Number5','OUTDATED_WARRENT_NUMBER5',NULL,-1,'Member'),(250,'Outdated_Warrant_Amt5','OUTDATED_WARRENT_AMOUNT5',NULL,-1,'Member'),(251,'Outdated_Warrant_Issue_Date6','OUTDATED_WARRENT_ISSUE_DATE6',NULL,-1,'Member'),(252,'Outdated_Warrant_Number6','OUTDATED_WARRENT_NUMBER6',NULL,-1,'Member'),(253,'Outdated_Warrant_Amt6','OUTDATED_WARRENT_AMOUNT6',NULL,-1,'Member'),(254,'Member Pension EFT Bank Name','MEMBER_PENSION_EFT_BANK_NAME',NULL,-1,'Member'),(255,'Type of Payment','TYPE_OF_PAYMENT',NULL,-1,'Member'),(256,'AP Info City','AP_INFO_CITY',NULL,-1,'Member'),(257,'AP Info State','AP_INFO_STATE',NULL,-1,'Member'),(258,'AP Info Zip','AP_INFO_ZIP',NULL,-1,'Member'),(259,'SAP Info City','SAP_INFO_CITY',NULL,-1,'Member'),(260,'SAP Info State','SAP_INFO_STATE',NULL,-1,'Member'),(261,'SAP Info Zip','SAP_INFO_ZIP',NULL,-1,'Member'),(262,'EFT Bank Name','EFT_BANK_NAME',NULL,-1,'Member'),(263,'Discont or New Monthly Disb Reduction Amount','DISCONT_OR_NEW_MONTHLY_DISB_REDUCTION_AMOUNT',NULL,-1,'Member'),(264,'Employer Meeting Details','EMP_MEETING_DETAILS',NULL,-1,'Employer'),(265,'CURRENT TIME hh mm ss','CURRENT_TIME_HH_MM_SS',NULL,-1,'Pension'),(266,'Member Pension','MEMBER_PENSION',NULL,-1,'Member'),(272,'Retired ReEmployment Years','RETIRED_REEMP_YEARS',NULL,-1,'Pension'),(273,'Current Payroll Date','CURRENT_PAYROLL_DATE',NULL,-1,'Pension'),(317,'FEDERAL_WITHHOLDING','FEDERAL_WITHHOLDING',NULL,-1,'Pension'),(318,'STATE_WITHHOLDING','STATE_WITHHOLDING',NULL,-1,'Pension'),(319,'LUMPSUM_REFUND_AMOUNT','LUMPSUM_REFUND_AMOUNT',NULL,-1,'Pension'),(320,'TAXABLE_ROLLOVER_AMT','TAXABLE_ROLLOVER_AMT',NULL,-1,'Pension'),(321,'NON_TAXABLE_ROLLOVER_AMT','NON_TAXABLE_ROLLOVER_AMT',NULL,-1,'Pension'),(322,'RMD_AMOUNT','RMD_AMOUNT',NULL,-1,'Pension'),(323,'MONTLY_ANNUITY_INCREASE','MONTLY_ANNUITY_INCREASE',NULL,-1,'Pension'),(329,'Disability FME','DISABILITY_FME',NULL,-1,'Pension'),(330,'PENSION OPTION','PEN_OPTION',NULL,-1,'Pension'),(331,'CURRENT BENEFIT AMOUNT','CURRENT_BENEFIT_AMOUNT',NULL,-1,'Pension'),(332,'NEW BENEFIT AMOUNT','NEW_BENEFIT_AMOUNT',NULL,-1,'Pension'),(333,'BFR_Covered_Month','BFR_COVERED_MONTH',NULL,-1,'Pension'),(336,'Benefit Estimate Request','BENEFIT_ESTIMATE_REQUEST',NULL,139,'Pension'),(337,'Next Month Federal','NEXT_MONTH_FEDERAL',NULL,-1,'Member'),(338,'Next Month State','NEXT_MONTH_STATE',NULL,-1,'Member'),(339,'WH Change Month','WH_CHANGE_MONTH',NULL,-1,'Member'),(340,'Previous Federal Filing Status','PREV_FED_FILING_STATUS',NULL,-1,'Member'),(341,'Next Federal Filing Status','NEXT_FED_FILING_STATUS',NULL,-1,'Member'),(342,'Previous State Filing Status','PREV_STATE_FILING_STATUS',NULL,-1,'Member'),(343,'Next State Filing Status','NEXT_STATE_FILING_STATUS',NULL,-1,'Member'),(344,'Previous Federal','PREVIOUS_FEDERAL',NULL,-1,'Member'),(345,'Previous State','PREVIOUS_STATE',NULL,-1,'Member'),(346,'Previous Net','PREVIOUS_NET',NULL,-1,'Member'),(347,'Next Net','NEXT_NET',NULL,-1,'Member'),(348,'Next Federal','NEXT_FEDERAL',NULL,-1,'Member'),(349,'Next State','NEXT_STATE',NULL,-1,'Member'),(350,'Outdated_Warrant_Grid','OUTDATED_WARRANT_GRID',NULL,-1,'Member'),(351,'Contact Complete Info','CONTACT_COMPLETE_INFO',NULL,-1,'Employer'),(352,'Pension Application Member Address','PENSION_MEMBER_ADDRESS',NULL,-1,'Pension'),(353,'Member Adr','MEMBER_ADR',NULL,85,'Member'),(356,'ADB Information','ADB_GENERIC_INFO',NULL,-1,'Pension'),(357,'ADB Information - Block 1','ADB_BLOCK1_INFO',NULL,-1,'Pension'),(358,'ADB Information - Block 2','ADB_BLOCK2_INFO',NULL,-1,'Pension'),(359,'ADB Information - Block 3','ADB_BLOCK3_INFO',NULL,-1,'Pension'),(360,'ADB Information - Block 3_2','ADB_BLOCK32_INFO',NULL,-1,'Pension'),(361,'ADB Information - Block 4','ADB_BLOCK4_INFO',NULL,-1,'Pension'),(362,'ADB Information - Block 5','ADB_BLOCK5_INFO',NULL,-1,'Pension'),(363,'ADB Information - Block 6','ADB_BLOCK6_INFO',NULL,-1,'Pension'),(364,'ADB Information - Block 6_2','ADB_BLOCK62_INFO',NULL,-1,'Pension'),(365,'ADB Information - others','ADB_BLOCK_OTHER_INFO',NULL,-1,'Pension'),(377,'OverPayment Reduction Amount','OVERPMT_REDUCTION_AMT',NULL,-1,'Member'),(378,'Conference Date Con','CONFERENCE_DATE_CON',NULL,-1,'Member'),(379,'Facility Name Con','FACILITY_NAME_CON',NULL,-1,'Member'),(380,'Facility Address Con','FACILITY_ADDRESS_CON',NULL,-1,'Member'),(381,'Emp Name','EMP_NAME',NULL,-1,'Employer'),(382,'Benefits_Expiry_RRet','BENEFITS_EXPIRY_RRET',NULL,-1,'Member'),(383,'Ret ReEmpl Original Option','ORIGINAL_OPTION',NULL,-1,'Member'),(384,'Retired ReEmp Option1 DB Total','RER_OPTION_1_DB_TOTAL',NULL,-1,'Member'),(385,'Service Purchase Payment','SERVICE_PURCHASE_PAYMENT',NULL,-1,'Member'),(386,'Ns_SCs_Processed','SCs_PROCESSED',NULL,-1,'Member'),(387,'Ns_SCs_Remaining','SCs_REMAINING',NULL,-1,'Member'),(388,'Service Purchase Date','SERVICE_PURCHASE_DATE',NULL,-1,'Member'),(389,'Service Purchase Amount','SERVICE_PURCHASE_AMOUNT',NULL,-1,'Member'),(390,'Child Support Agency Name','CHILD_SUPPORT_AGENCY_NAME',NULL,-1,'Member'),(391,'Child Support Agency Address','CHILD_SUPPORT_AGENCY_ADDRESS',NULL,-1,'Member'),(392,'IRS Agency Name','IRS_AGENCY_NAME',NULL,-1,'Member'),(393,'IRS Agency Address','IRS_AGENCY_ADDRESS',NULL,-1,'Member'),(394,'Total Overpayment Amount For Cond','TOTAL_OVERPAYMENT_AMOUNT_FOR_COND',NULL,-1,'Member'),(395,'Total Quartely Service Credit','TOT_QUAR_SER_CREDIT',NULL,-1,'Member'),(397,'EFT SSD','EFT_SS',NULL,-1,'Member'),(398,'EFT IPERSRET','EFT_IPERSRET',NULL,-1,'Member'),(399,'Winning Option 2 Amt','WIN_OPTION_2',NULL,-1,'Member'),(400,'FME','FME',NULL,-1,'Member'),(401,'Opt1 DB Block Cond','OPT1_DB_BLOCK',NULL,-1,'Member'),(402,'EFT_INFORMATION','EFT_INFORMATION',NULL,-1,'Member'),(403,'Institution Name Power Expired','INSTITUTION_NAME_PE',NULL,-1,'Member'),(404,'Institution Name','INSTITUTION_NAME',NULL,-1,'Member'),(405,'Last Month','LAST_MONTH',NULL,-1,'Member'),(406,'Member Pension New Option','MEMBER_PENSION_NEW_OPTION',NULL,-1,'Member'),(407,'Member Pension Old Option','MEMBER_PENSION_OLD_OPTION',NULL,-1,'Member'),(408,'Option 2','OPT2',NULL,-1,'Member'),(409,'Winning Opt2 Amount SSD','SSD_WIN_OPT_2_AMT',NULL,-1,'Member'),(410,'Disability Check','DISABILITY_CHECK',NULL,-1,'Member'),(411,'Option 6 CA Percent','OPT6_CA_PCT',NULL,-1,'Member'),(412,'CA Block','CA_BLOCK',NULL,-1,'Member'),(413,'Ben Block','BEN_BLOCK',NULL,-1,'Member'),(414,'Benefit Summary Block SS New','BEN_SUMMARY_BLOCK_SS_NEW',NULL,-1,'Member'),(416,'Disburse Eft Check','DISBURSE_EFT_CHECK',NULL,-1,'Member'),(417,'Termination Date','TERMINATION_DATE',NULL,-1,'Member'),(418,'Date of Last Paycheck','DATE_OF_LAST_PAYCHECK',NULL,-1,'Member'),(419,'Reporting Official Info for RRW Letter','REP_OFF_INFO_RRW',NULL,-1,'Member'),(420,'Reporting Official Address Info for RRW Letter','REP_OFF_ADDR_INFO_RRW',NULL,-1,'Member'),(421,'Employer Name for RRW Letter','EMP_NAME_RRW',NULL,-1,'Member'),(422,'Member Death Date','MEMBER_DEATH_DATE',NULL,-1,'Member'),(423,'Member Self Service User Name','MSS_USER_NAME',NULL,-1,'Member'),(424,'Member Self Service System Date','MSS_SYS_DATE',NULL,-1,'Member'),(425,'Member Self Service Member Name','MSS_MEMBER_NAME',NULL,-1,'Member'),(426,'MSS Forgot User Name','MSS_FORGOT_USER_NAME',NULL,-1,'Member'),(427,'W4 Withholding info','W4_WITHHOLDING_INFO',NULL,-1,'Member'),(428,'AE Lump Sum Taxable(Estimate)','AE_LUMPSUM_TAXABLE_AMT',NULL,-1,'Member'),(429,'AE Lump Sum Amount(Total Inv)','AE_LUMPSUM_AMT_TOT_INV',NULL,-1,'Member'),(430,'AE Lump Sum_Non-Taxable(Fed Tax Contrib)','AE_LUMPSUM_NON_TAX_AMT',NULL,-1,'Member'),(431,'Beneficiary Info Upper','BENEFICIARY_INFO_UPPER',NULL,-1,'Pension'),(432,'Page Name','PAGE_NAME',NULL,-1,'Member'),(433,'FME from Pension App','FME_PENSION_APP',NULL,-1,'Pension'),(434,'ADB EFT Information','ADB_EFT_INFO',NULL,-1,'Pension'),(435,'Member User or Lob User','MEMBER_LOB_USER',NULL,-1,'Member'),(436,'ADB Monthly Annutiy Amount','ADB_MONTHLY_ANNUITY_AMT',NULL,-1,'Pension'),(437,'Address With Pension Application ID','ADDRESS_WITH_PENSION_APP_ID',NULL,-1,'Pension'),(438,'Benefit Summary Block SS for Secondary App','BEN_SUMMARY_BLOCK_SS_SECOND_APP',NULL,-1,'Member'),(439,'Current Payroll','CURRENT_PAYROLL',NULL,-1,'Member'),(440,'Disb Eft Info','DISB_EFT_INFO',NULL,-1,'Member'),(441,'Last Month and Year of Service','LAST_MONTH_YEAR',NULL,-1,'Member'),(442,'FME Month SS','FME_MONTH_SS',NULL,-1,'Member'),(443,'Last Benefit','LAST_BENEFIT',NULL,-1,'Member'),(444,'Last Adjustment','LAST_ADJUSTMENT',NULL,-1,'Member'),(445,'Last Disability Offset','LAST_DISABILITY_OFFSET',NULL,-1,'Member'),(446,'Last Federal','LAST_FEDERAL',NULL,-1,'Member'),(447,'Last State','LAST_STATE',NULL,-1,'Member'),(448,'Last Check Fee','LAST_CHECK_FEE',NULL,-1,'Member'),(449,'Last Net Benefit','LAST_NET_BENEFIT',NULL,-1,'Member'),(450,'Current Month','CURRENT_MONTH',NULL,-1,'Member'),(451,'Current Benefit','CURRENT_BENEFIT',NULL,-1,'Member'),(452,'Current Adjustment','CURRENT_ADJUSTMENT',NULL,-1,'Member'),(453,'Current Disability Offset','CURRENT_DISABLITY_OFFSET',NULL,-1,'Member'),(454,'Current Federal','CURRENT_FEDERAL',NULL,-1,'Member'),(455,'Current State','CURRENT_STATE',NULL,-1,'Member'),(456,'Current Check Fee','CURRENT_CHECK_FEE',NULL,-1,'Member'),(457,'Current Net Benefit','CURRENT_NET_BENEFIT',NULL,-1,'Member'),(458,'Pension Primary Beneficiary','PENSION_PRIMARY_BENEFICIARY',NULL,-1,'Member'),(459,'Pension Secondary Beneficiary','PENSION_SECONDARY_BENEFICIARY',NULL,-1,'Member'),(460,'Benefits Expiry SS','BENEFITS_EXPIREY_SS',NULL,-1,'Member'),(461,'Option 1 SS','OPT1_SS',NULL,-1,'Member'),(462,'Option 1 Death Benefit SS','OPT1_DEATH_BEN_SS',NULL,-1,'Member'),(463,'Option 3 SS','OPT3_SS',NULL,-1,'Member'),(464,'Option 4 SS','OPT4_SS',NULL,-1,'Member'),(465,'Option 5 SS','OPT5_SS',NULL,-1,'Member'),(466,'Option 6 SS','OPT6_SS',NULL,-1,'Member'),(467,'SS Benefit SS','SS_BENE_SS',NULL,-1,'Member'),(468,'Age 62 Date','AGE_62_DATE',NULL,-1,'Member'),(469,'Post 62 Option 7 SS','POST_62_OPT7_SS',NULL,-1,'Member'),(470,'Pre 62 Option 7 SS','PRE_62_OPT7_SS',NULL,-1,'Member'),(471,'Post 62 C/A Option 7_SS','POST_62_CA_OPT7_SS',NULL,-1,'Member'),(472,'Investment SS','INVESTMENT_SS',NULL,-1,'Member'),(473,'Option 2 SS','OPT2_SS',NULL,-1,'Member'),(474,'Winning Average Salary SS','WIN_AVG_SAL',NULL,-1,'Member'),(475,'Regular Years','REG_YEARS',NULL,-1,'Member'),(476,'Sheriff Years','SHERIFF_YEARS',NULL,-1,'Member'),(477,'Protection Years','PROTECTION_YEARS',NULL,-1,'Member'),(478,'Disability Date SS','DISABILITY_DATE_SS',NULL,-1,'Member'),(479,'Benefit Summary Block SS','BEN_SUMMARY_BLOCK_SS',NULL,-1,'Member'),(480,'Preliminary Letter Benefit Info','PENSION_BENEFIT_INFO',NULL,-1,'Pension'),(481,'Preliminary Letter Dates Info','PENSION_DATES_INFO',NULL,-1,'Pension'),(482,'Pension Option Details','PENSION_OPTION_BM',NULL,-1,'Pension'),(483,'Primary Beneficiary List','PRIMARY_BEN_LIST',NULL,-1,'Pension'),(484,'Secondary Beneficiary List','SECONDARY_BEN_LIST',NULL,-1,'Pension'),(485,'Static Bookmarks','STATIC_BOOKMARKS',NULL,-1,'Pension'),(486,'Service Credits Table','SERVICE_CREDITS_TABLE',NULL,-1,'Pension'),(487,'Disbursement EFT Details','DISBURSE_EFT_DETAILS',NULL,-1,'Pension'),(488,'Contingent Annuitant','CONTINGENT_ANNUITANT',NULL,-1,'Pension'),(489,'Last Occupation Code','LAST_OCC_CODE',NULL,-1,'Pension'),(490,'Benefit Summary Block','BEN_SUMMARY_BLOCK',NULL,-1,'Pension'),(491,'Option 2 Present Age','Option2_Present_Age',NULL,-1,'Pension'),(492,'Service Credits Table1','SERVICE_CREDITS_TABLE_1',NULL,-1,'Pension'),(493,'Current Month For Recalc','CUR_MON_FOR_RECALC',NULL,-1,'Member'),(494,'BFR Non Covered Month','BFR_NON_COVERED_MONTH',NULL,-1,'Member'),(495,'Disability_Date_RRet','DISABILTIY_DATE_RRET',NULL,-1,'Member'),(496,'Mem_Inv_RRet','MEM_INV_RRET',NULL,-1,'Member'),(497,'EFT AMDB','EFT_AMDB',NULL,-1,'Member'),(498,'FME_UPD','FME_UPD',NULL,-1,'Member'),(499,'DISBURSE_EFT_CHECK_REEMP','DISBURSE_EFT_CHECK_REEMP',NULL,-1,'Member'),(500,'Member Pension Current Month','MEMBER_PENSION_CURRENT_MONTH',NULL,-1,'Pension'),(501,'Beneficiary Summary Months Secondary App','BEN_SS_SUMMARY_MONTHS_SECOND_APP',NULL,-1,'Member'),(502,'Beneficiary SS Summary Months','BEN_SS_SUMMARY_MONTHS',NULL,-1,'Pension'),(503,'Pension Dates Info','PENSION_DATES_INFORMATION',NULL,-1,'Member'),(504,'Preliminary Letter Benefit Info 1','PENSION_BENEFIT_INFO_1',NULL,-1,'Pension'),(505,'Outdated_Warrant_Issue_Date1','OUTDATED_WARRANT_ISSUE_DATE1',NULL,-1,'Member'),(506,'Outdated_Warrant_Number1','OUTDATED_WARRANT_NUMBER1',NULL,-1,'Member'),(507,'Outdated_Warrant_Amt1','OUTDATED_WARRANT_AMOUNT1',NULL,-1,'Member'),(508,'CAInfo','CAInfo',NULL,116,'Member'),(512,'MemberPensionOpt6Amt','MemberPensionOpt6Amt',NULL,116,'Member'),(513,'MemberPensionOpt2Amt','MemberPensionOpt2Amt',NULL,116,'Member'),(514,'Deathdate','Deathdate',NULL,116,'Member'),(517,'IPERS logo Full Image','IPERS_LOGO_OLD',NULL,-1,'Pension'),(518,'CA Percentage','CA_PERCENTAGE',NULL,-1,'Member'),(519,'Beneficiary Summary Months','BEN_SUMMARY_MONTHS',NULL,-1,'Pension'),(520,'FME Year','FME_YEAR',NULL,-1,'Pension'),(525,'Pension Bene Expiry Date','PEN_BENE_EXP_DATE',NULL,-1,'Pension'),(526,'Beneficiary Summary - AMDB','BEN_SUMMARY_BLOCK_AMDB',NULL,-1,'Pension'),(527,'AP Address Info','AP_ADDR_INFO',NULL,-1,'Pension'),(528,'AP Dates Info','AP_DATES_INFO',NULL,-1,'Pension'),(529,'AP Info','AP_INFO',NULL,-1,'Pension'),(530,'MonthYear of Last Payment','MONTH_YEAR_LAST_PAYMENT',NULL,-1,'Pension'),(531,'AP Name - QDRO type','AP_NAME_QDRO',NULL,-1,'Pension'),(532,'AP Address - QDRO','AP_ADDR_QDRO',NULL,-1,'Pension'),(533,'Pay By Date','PAY_BY_DATE',NULL,-1,'Pension'),(534,'AMDB Pension FME Month','AMDB_PENSION_FME_MONTH',NULL,-1,'Pension'),(540,'Member Info Upper 1','MEMBER_INFO_UPPER_1',NULL,-1,'Member'),(541,'Static Bookmarks 1','STATIC_BOOKMARKS_1',NULL,-1,'Member'),(542,'Preliminary Letter Benefit Info 2','PENSION_BENEFIT_INFO_2',NULL,-1,'Member'),(543,'Pension Secondary Beneficiary Count','PENSION_SEC_BEN_COUNT',NULL,-1,'Member'),(544,'Option 1 SS New','OPT1_SS_NEW',NULL,-1,'Member'),(545,'Investment SS New','INVESTMENT_SS_NEW',NULL,-1,'Member'),(546,'Option 3 SS New','OPT3_SS_NEW',NULL,-1,'Member'),(547,'Option 4 SS New','OPT4_SS_NEW',NULL,-1,'Member'),(548,'Option 5 SS New','OPT5_SS_NEW',NULL,-1,'Member'),(549,'Winning Average Salary SS New','WIN_AVG_SAL_NEW',NULL,-1,'Member'),(550,'Winning Opt2 Amount SSD New','SSD_WIN_OPT_2_AMT_NEW',NULL,-1,'Member'),(551,'Option 2 SS New','OPT2_SS_NEW',NULL,-1,'Member'),(552,'Option 1 Death Benefit SS New','OPT1_DEATH_BEN_SS_NEW',NULL,-1,'Member'),(553,'Beneficiary Summary Months New','BEN_SUMMARY_MONTHS_NEW',NULL,-1,'Pension'),(554,'Money Purchase Eligible block','MPNE_BLOCK',NULL,-1,'Member'),(555,'Pension Option Type Percent','PEN_OPT_TYPE_PER',NULL,-1,'Member'),(556,'Payee_First_Name_Last_Name_New','PAYEE_FIRST_LAST_NAME_NEW',NULL,-1,'Member'),(557,'Payee_Complete_Address_New','PAYEE_COMPLETE_ADDRESS_NEW',NULL,-1,'Member'),(558,'Outdated_Warrant_1','OUTDATED_WARRENT_1',NULL,-1,'Member'),(559,'Outdated_Warrant_2','OUTDATED_WARRENT_2',NULL,-1,'Member'),(560,'Outdated_Warrant_3','OUTDATED_WARRENT_3',NULL,-1,'Member'),(561,'Outdated_Warrant_4','OUTDATED_WARRENT_4',NULL,-1,'Member'),(562,'Outdated_Warrant_5','OUTDATED_WARRENT_5',NULL,-1,'Member'),(563,'Outdated_Warrant_6','OUTDATED_WARRENT_6',NULL,-1,'Member'),(564,'Outdated_Warrant_GRID_NEW','OUTDATED_WARRENT_GRID_NEW',NULL,-1,'Member'),(565,'Ben Summ Notice of Recalc - Ret Re-emp','BEN_SUM_NOTI_RECALC_RR',NULL,-1,'Member'),(566,'Member Pension Investment','PENSION_INVESTMENT',NULL,-1,'Pension'),(567,'PENSION_OPTION_1','PEN_OPTION_1',NULL,-1,'Member'),(568,'Ben Summ Notice of Recalc - Ret Re-emp months','BEN_SUM_MON_NOT_RECALC_RR',NULL,-1,'Pension'),(569,'Complete_Address_Payee','COMPLETE_ADDRESS_PAYEE',NULL,-1,'Member'),(570,'Payee_Full_Name','PAYEE_FULL_NAME',NULL,-1,'Member'),(571,'EFT Bank Address','EFT_BANK_ADDRESS',NULL,-1,'Pension'),(572,'Beneficiary Demographic Info','BENEFICIARY_DEMOGR_INFO',NULL,-1,'Member'),(573,'Overpayment Month Year and Net Amount','OVERPAY_MONTH_YR_NET_AMT',NULL,-1,'Pension'),(574,'Total Overpayment Recovery Amount','TOTAL_OVERPAY_RECV_AMT',NULL,-1,'Pension'),(575,'SSD Recalc letter','BEN_SS_SUMMARY_MONTHS_SSD',NULL,-1,'Pension'),(576,'CA Percentage1','CA_PERCENTAGE1',NULL,-1,'Member'),(577,'Service Block','SERVICE_BLOCK',NULL,-1,'Member'),(578,'Ben Summary AP Notice of Recalc','BEN_SUM_AP_NOTI_RECALC',NULL,-1,'Member'),(579,'FME_PARENT_PEN_ID','FME_PARENT_PEN_ID',NULL,-1,'Pension'),(580,'Retired Reemployed Option 1','OPTION_1_RR',NULL,-1,'Pension'),(581,'Complete Address pension_app_id','COMPLETE_ADDRESS',NULL,-1,'Member'),(582,'Complete Name pension_app_id','COMPLETE_NAME',NULL,-1,'Member'),(583,'Pension Benefit Info1','PENSION_BENEFIT_INFO1',NULL,116,'Member'),(584,'Ben Summ AMDB Notice of Recalc - Months','BEN_SUM_MON_NOT_RECALC_AMDB',NULL,-1,'Member'),(585,'Ben Summ AMDB Notice of Recalc','BEN_SUM_AMDB_NOTI_RECALC',NULL,-1,'Member'),(586,'Retired Reemployed Option 2','OPTION_2_RR',NULL,-1,'Member'),(587,'Retired Reemployed Option 6','OPTION_6_RR',NULL,-1,'Member'),(588,'Other Member Info','OTHER_MEMBER_INFO',NULL,-1,'Member'),(589,'AE Lump Sum Amount(Total Inv) With some text ','AE_LUMPSUM_AMT_TOT_INV_WITH_SOME_TEXT',NULL,116,'Member'),(590,'AE Estimate - MP Option 2 Present age','AE_MP_OPTION2_PRESENT_AGE',NULL,116,'Member'),(591,'DIRECT_DEPOSIT_EFT_INFO_NAME_BM','DIRECT_DEPOSIT_EFT_INFO_NAME_BM',NULL,-1,'Member'),(592,'DIRECT_DEPOSIT_EFT_ADDRESS_BM','DIRECT_DEPOSIT_EFT_ADDRESS_BM',NULL,-1,'Member'),(593,'Direct Deposit Eft Info Name BM1','DIRECT_DEPOSIT_EFT_INFO_NAME_BM1',NULL,85,'Member'),(594,'Monthly Benefits Paid','MONTHLY_BENEFITS_PAID',NULL,116,'Member'),(595,'Remaining Investment','REMAINING_INVESTMENT',NULL,116,'Member'),(596,'Person firstName','PERSON_FIRSTNAME',NULL,116,'Member'),(597,'Original Ivestment','ORIGINAL_INVESTMENT',NULL,116,'Member'),(598,'Member Address City State Zip','MEMBER_ADDRESS_CITY_ST_ZIP',NULL,-1,'Member'),(599,'Member Salutation','PAYEE_SALUTATION',NULL,-1,'Member'),(600,'BENEFICIARY_SALUTATION_1','BENEFICIARY_SALUTATION_1',NULL,-1,'Pension'),(601,'User Info 1','USER_INFO_1',NULL,-1,'Pension'),(602,'Next Payroll Date','NEXT_PAYROLL_DATE',NULL,-1,'Pension'),(603,'Age 70 continued working','AGE_70_CONTINUED_WORKING',NULL,-1,'Member'),(604,'Pension Primary beneficary count','PENSION_PRIMARY_BENE_COUNT',NULL,-1,'Member'),(605,'Current Payroll Date1','CURRENT_PAYROLL_DATE1',NULL,-1,'Pension'),(606,'payroll date','PAYROLL_DATE',NULL,-1,'Member'),(607,'Years of service','YOS',NULL,-1,'Member'),(608,'Refund Overpayment Details','REFUND_OVER_PAYMENT_DTLS',NULL,-1,'Member'),(609,'EFT Bank Address of member thrg ben pension app id','EFT_BANK_ADDRESS_NEW',NULL,-1,'Pension'),(610,'Amdb pension FME months','AMDB_PENSION_FME_MONTH_NEW',NULL,-1,'Pension'),(611,'Bene info new','BENE_INFO_NEW',NULL,-1,'Pension'),(612,'Pension Option Type Percent for ret re-employed','PEN_OPT_TYPE_PER_RREMP',NULL,-1,'Member'),(613,'EFT Bank Address Pension App','EFT_BANK_ADDRESS_PENSION_APP',NULL,-1,'Member'),(614,'Overpayment Total Amount','BENE_RECLA_BOOKMARK',NULL,-1,'Member'),(615,'Pay By Date period','PAY_BY_DATE_PERIOD',NULL,-1,'Pension'),(616,'BENE_INFORMATION','BENE_INFORMATION',NULL,-1,'Member'),(617,'Payee_Complete_Address_1','PAYEE_COMPLETE_ADDRESS_1',NULL,-1,'Member'),(618,'Money Purchase Eligible Block Recalc','MPNE_BLOCK_RECALC',NULL,-1,'Member'),(619,'Outdated_Warrant_Grid_New','OUTDATED_WARRANT_GRID_NEW',NULL,-1,'Member'),(620,'Pension Person Name Info','PEN_PERSON_NAME',NULL,-1,'Member'),(621,'Pension Person Address','PEN_PERSON_ADDR',NULL,-1,'Member'),(622,'DIRECT_DEPOSIT_PAY_ROLE_DATE','DIRECT_DEPOSIT_PAY_ROLE_DATE',NULL,-1,'Member'),(623,'Rollover Account Information','ROLLOVER_ACCOUNT_INFORMATION',NULL,-1,'Member'),(624,'Beneficiary Death Date','BENEFICIARY_DEATH_DATE',NULL,-1,'Member'),(625,'Beneficiary Info','BENEFICIARY_INFO',NULL,-1,'Pension'),(626,'Beneficiary Address','BENEFICIARY_ADDRESS',NULL,-1,'Member'),(627,'Service Block LC','SERVICE_BLOCK_LC',NULL,-1,'Member'),(628,'Service Block LC Display Condition','SERVICE_BLOCK_LC_DISPLAY',NULL,-1,'Member'),(629,'Winning Average Salary SS LC','WIN_AVG_SAL_LC',NULL,-1,'Member'),(630,'Winning Average Salary based on Category','WAS_BASED_ON_CATEGORY',NULL,-1,'Pension'),(631,'Beneficiary Info through Pension application id','BEN_INFO_VIA_PENSION_APP',NULL,-1,'Member'),(632,'Member Address Info US','MEM_ADDR_INFO_US',NULL,-1,'Member'),(633,'Earning Limit Reach Month Year','EAR_LIMIT_MONTH_YEAR',NULL,-1,'Member'),(634,'Member Address US and NON US','MEMBER_ADDRESS_US_NON_US',NULL,-1,'Member'),(635,'Years of Service till FME','YOS_FME_DATE',NULL,-1,'Member'),(636,'Member Address concatenated','GENERIC_MEMBER_ADDRESS',NULL,-1,'Member'),(637,'option 6 using ben_summary_block','OPTION_6_RECALC',NULL,-1,'Member'),(638,'Employer name using Member ID','EMPLOYER_NAME_VIA_MEM_ID',NULL,-1,'Member'),(639,'Winning Average Salary','WINNING_AVG_SAL',NULL,-1,'Member'),(640,'Member Address concatenated with member_id','GENERIC_MEMBER_ADDRESS_MEM_ID',NULL,-1,'Member'),(641,'New IPERS logo Full Image','IPERS_LOGO',NULL,-1,'Pension'),(642,'Correspondence datasheet bookmarks','CORRESPONDENCE_DATASHEET_BOOKMARKS',NULL,-1,'Member'),(643,'Address using person id','ADDRESSS_USING_PERSON_ID',NULL,-1,'Member'),(644,'Person demographics using person id','PERSON_DEMOGRAPHICS_PERSON_ID',NULL,-1,'Member'),(645,'Total Overpayment Amount','TOTAL_OVERPAYMENT_AMOUNT',NULL,-1,'Pension'),(646,'Overpayment Monthly Deduction Amt','OVERPAYMENT_MONT_DED_AMT',NULL,-1,'Pension'),(647,'CA Death letter','CA_DEATH_LETTER_BOOKMARK',NULL,-1,'Member'),(648,'Member Overpayment Count','MEMBER_OVERPAYMENT_CNT',NULL,-1,'Member'),(649,'CA Death letter mail block bkmrk','CA_DEATH_LTR_MAIL_BLK',NULL,-1,'Member'),(650,'CA Death letter overpymnt bkmrk','CA_DEATH_LTR_OVR_PYMT_AMT',NULL,-1,'Member'),(651,'CA Death letter CA net payment amount','CA_DEATH_LTR_CA_NET_PAY_AMT',NULL,-1,'Member'),(652,'CA Death letter payment date','CA_DEATH_LTR_PAYMENT_DATE',NULL,-1,'Member'),(653,'Total Recovery Amount','TOTAL_RECOVERY_AMOUNT',NULL,-1,'Pension'),(654,'AP Pen First Mon Of Payment','AP_PEN_FIRST_MON_OF_PAYMENT',NULL,-1,'Member'),(655,'Member Info Upper 2','MEMBER_INFO_UPPER_2',NULL,-1,'Member'),(656,'Member Info 1','MEMBER_INFO_1',NULL,-1,'Member'),(657,'Generic Member Address 1','GENERIC_MEMBER_ADDRESS_1',NULL,-1,'Member'),(658,'Member Info2','MEMBER_INFO_2',NULL,-1,'Member'),(659,'Beneficiary Info2','BENEFICIARY_INFO_2',NULL,-1,'Pension'),(660,'Reporting Official Full Name','REPORTING_OFFICIAL_NAME',NULL,-1,'Employer'),(661,'REG_SPL_BLK_REG_SPL_SAL','REG_SPL_BLK_REG_SPL_SAL',NULL,-1,'Pension'),(662,'Child Support Monthly Amount','CS_MONTHLY_AMT_PER_ORDER',NULL,-1,'Member'),(663,'CS Monthly Amount to Disburse','CS_PERORDER_AMT_TO_DISBURSE',NULL,-1,'Member'),(664,'Child Support Lump Sum Amount','CS_LUMPSUM_AMT',NULL,-1,'Member'),(665,'CS Lump Sum Amount to Disburse','CS_LUMPSUM_AMT_TO_DISBURSE',NULL,-1,'Member'),(666,'Address With Pension Application ID or Bek ID','ADDR_WITH_PEN_APP_ID_BEK_ID',NULL,-1,'Pension'),(667,'Person Name With Pension Application ID or Bek IDe','PEN_ID_BEK_ID_PERSON_NAME',NULL,-1,'Pension'),(668,'Text display as will be or was','TEXT_DISPLAY_AS_WILL_BE_OR_WAS',NULL,-1,'Member'),(669,'Pay By Date period_1','PAY_BY_DATE_PERIOD_1',NULL,-1,'Pension');
/*!40000 ALTER TABLE `doc_bookmark` ENABLE KEYS */;
UNLOCK TABLES;

--
-- Table structure for table `doc_shell`
--

DROP TABLE IF EXISTS `doc_shell`;
/*!40101 SET @saved_cs_client     = @@character_set_client */;
/*!40101 SET character_set_client = utf8 */;
CREATE TABLE `doc_shell` (
  `DOC_SHELL_ID` int(11) NOT NULL AUTO_INCREMENT,
  `DOC_SHELL_NAME` varchar(150) NOT NULL,
  `DOC_SUBTYPE_ID` int(11) DEFAULT NULL,
  `INSERTED_BY` varchar(10) DEFAULT NULL,
  `INSERTED_DATE` datetime DEFAULT NULL,
  `UPDATED_BY` varchar(10) DEFAULT NULL,
  `UPDATED_DATE` datetime DEFAULT NULL,
  `DATAWINDOW_OBJECT_NAME` varchar(150) DEFAULT NULL,
  `RETENTION_PERIOD` int(11) DEFAULT NULL,
  `SHELL_TYPE` varchar(5) DEFAULT NULL,
  `INITIAL_STATUS` varchar(1) DEFAULT NULL,
  `CURRENT_VERSION` varchar(1) DEFAULT NULL,
  `PUBLISHED` varchar(1) DEFAULT NULL,
  `PUBLISHED_DATE` datetime DEFAULT NULL,
  `DOC_SHELL_DISPLAY_NAME` varchar(150) DEFAULT 'na',
  `HAS_DOCUMENTS` int(11) DEFAULT '0',
  `IS_DONE` int(11) DEFAULT '0',
  `USER_NAME` varchar(20) DEFAULT 'tdillon',
  `DONE_DATE` datetime DEFAULT NULL,
  PRIMARY KEY (`DOC_SHELL_ID`),
  KEY `FK_DOC_SHELL_ISDONE` (`USER_NAME`),
  CONSTRAINT `FK_DOC_SHELL_ISDONE` FOREIGN KEY (`USER_NAME`) REFERENCES `security_user` (`USER_NAME`) ON DELETE NO ACTION ON UPDATE NO ACTION
) ENGINE=InnoDB AUTO_INCREMENT=1411 DEFAULT CHARSET=utf8;
/*!40101 SET character_set_client = @saved_cs_client */;

--
-- Dumping data for table `doc_shell`
--

LOCK TABLES `doc_shell` WRITE;
/*!40000 ALTER TABLE `doc_shell` DISABLE KEYS */;
INSERT INTO `doc_shell` VALUES (1,'TEST',0,NULL,NULL,NULL,NULL,NULL,0,'R','Q','Y',NULL,NULL,'0',0,0,'tdillon',NULL),(341,'Address Confirmation-New Address',81,NULL,NULL,NULL,NULL,'NA',NULL,'R','Q','Y','Y',NULL,'Address Confirmation-New Address',1,1,'csevedg','2014-12-04 15:24:32'),(342,'Address Shell',85,NULL,NULL,NULL,NULL,'NA',NULL,'R','Q','Y','Y',NULL,'Address Shell',1,1,'csevedg','2014-12-04 16:55:34'),(344,'Approved Request for Waiver of Fee or Interest',91,NULL,NULL,NULL,NULL,'NA',NULL,'R','Q','Y','Y',NULL,'Approved Request for Waiver of Fee or Interest',1,1,'csevedg','2014-12-05 08:45:39'),(345,'Beneficiary Acknowledgment Letter',80,NULL,NULL,NULL,NULL,'NA',NULL,'R','Q','Y','Y',NULL,'Beneficiary Acknowledgment Letter',1,1,'csevedg','2014-12-05 10:21:29'),(348,'Confirmation of Employer Account Merge',89,NULL,NULL,NULL,NULL,'NA',NULL,'R','Q','Y','Y',NULL,'Confirmation of Employer Account Merge',0,1,'csevedg','2014-12-05 10:56:25'),(349,'Confirmation of IPERS coverage termination',88,NULL,NULL,NULL,NULL,'NA',NULL,'R','Q','Y','Y',NULL,'Confirmation of IPERS coverage termination',0,1,'csevedg','2014-12-05 11:25:40'),(350,'Deceased Member Request for Information Letter',84,NULL,NULL,NULL,NULL,'NA',NULL,'R','Q','Y','Y',NULL,'Deceased Member Request for Information Letter',0,1,'csevedg','2014-12-05 11:40:37'),(354,'Denied Request for Waiver of Fee or Interest',91,NULL,NULL,NULL,NULL,'NA',NULL,'R','Q','Y','Y',NULL,'Denied Request for Waiver of Fee or Interest',0,1,'csevedg','2014-12-05 11:49:19'),(356,'EFT Authorization',91,NULL,NULL,NULL,NULL,'NA',NULL,'R','Q','Y','Y',NULL,'EFT Authorization',0,1,'csevedg','2014-12-09 11:17:43'),(357,'Emp Contact Address Shell',94,NULL,NULL,NULL,NULL,'NA',NULL,'R','Q','Y','Y',NULL,'Emp Contact Address Shell',0,1,'csevedg','2014-12-05 12:13:19'),(358,'Emp Reporting Official Address Shell',94,NULL,NULL,NULL,NULL,'NA',NULL,'R','Q','Y','Y',NULL,'Emp Reporting Official Address Shell',0,1,'csevedg','2014-12-08 10:59:30'),(361,'Employer Compliance Review Confirmation Letters',92,NULL,NULL,NULL,NULL,'NA',NULL,'R','Q','Y','Y',NULL,'Employer Compliance Review Confirmation Letters',0,1,'csevedg','2014-12-08 11:14:00'),(368,'Generate In-House Member ID Card',83,NULL,NULL,NULL,NULL,'inhouse_member_id_card.jrxml',NULL,'J','Q','N','N',NULL,'Member ID Card',1,0,'tdillon',NULL),(369,'Granted Request for Extension',91,NULL,NULL,NULL,NULL,'NA',NULL,'R','Q','Y','Y',NULL,'Granted Request for Extension',0,1,'csevedg','2014-12-08 11:36:36'),(370,'Incomp Election for Term of IPERS Coverage',88,NULL,NULL,NULL,NULL,'NA',NULL,'R','Q','Y','Y',NULL,'Incomp Election for Term of IPERS Coverage',0,1,'csevedg','2014-12-08 13:59:12'),(372,'Incomplete Address or Name Change Letter',81,NULL,NULL,NULL,NULL,'NA',NULL,'R','Q','Y','Y',NULL,'Incomplete Address or Name Change Letter',0,1,'csevedg','2014-12-08 14:29:11'),(375,'Incomplete Wage Report Due Date Change Form',91,NULL,NULL,NULL,NULL,'NA',NULL,'R','Q','Y','Y',NULL,'Incomplete Wage Report Due Date Change Form',0,1,'csevedg','2014-12-09 11:33:09'),(377,'IPERS Wage Report Rejection Explanation',91,NULL,NULL,NULL,NULL,'NA',NULL,'R','Q','Y','Y',NULL,'IPERS Wage Report Rejection Explanation',0,1,'csevedg','2014-12-08 14:49:48'),(379,'Member Confirmation of IPERS Coverage Termination',86,NULL,NULL,NULL,NULL,'NA',NULL,'R','Q','Y','Y',NULL,'Member Confirmation of IPERS Coverage Termination',0,1,'csevedg','2014-12-08 15:14:27'),(380,'Member Ineligible to term IPERS coverage',86,NULL,NULL,NULL,NULL,'NA',NULL,'R','Q','Y','Y',NULL,'Member Ineligible to term IPERS coverage',0,1,'csevedg','2014-12-08 15:26:30'),(381,'Newly Vested Members Letter',82,NULL,NULL,NULL,NULL,'NA',NULL,'R','Q','Y','Y',NULL,'Newly Vested Members Letter',0,1,'csevedg','2014-12-08 15:32:54'),(382,'Notice of Contributions Due',86,NULL,NULL,NULL,NULL,'Master_Notice_of_Ipers_Contributions_Due.jrxml',NULL,'J','Q','Y','Y',NULL,'Notice of Contributions Due',0,0,'tdillon',NULL),(383,'Notification of Employer Account Closed',87,NULL,NULL,NULL,NULL,'NA',NULL,'R','Q','Y','Y',NULL,'Notification of Employer Account Closed',0,1,'csevedg','2014-12-08 15:43:13'),(384,'Notification of IPERS Compliance Review',92,NULL,NULL,NULL,NULL,'NA',NULL,'R','Q','Y','Y',NULL,'Notification of IPERS Compliance Review',0,1,'csevedg','2014-12-08 15:51:54'),(385,'Retiree Return to Work Verification Letter',82,NULL,NULL,NULL,NULL,'NA',NULL,'R','Q','Y','Y',NULL,'Retiree Return to Work Verification Letter',0,1,'csevedg','2014-12-08 16:06:48'),(388,'Terminating Employees Under 6 Months',93,NULL,NULL,NULL,NULL,'TERMINATING_EMPLOYEES_UNDER_6_MONTHS.jrxml',NULL,'J','Q','Y','Y',NULL,'Terminating Employees Under 6 Months',0,0,'tdillon',NULL),(389,'Wage Report Due Date Change',91,NULL,NULL,NULL,NULL,'NA',NULL,'R','Q','Y','Y',NULL,'Wage Report Due Date Change',0,1,'csevedg','2014-12-08 16:32:46'),(390,'Welcome Packet for New Member Letter',82,NULL,NULL,NULL,NULL,'NA',NULL,'R','Q','Y','Y',NULL,'Welcome Packet for New Member Letter',0,1,'csevedg','2014-12-08 16:41:29'),(391,'Employer Monthly Statement',96,NULL,NULL,NULL,NULL,'Employer_Monthly_Statement_wf59556.jrxml',NULL,'J','P','Y','Y',NULL,'Employer Monthly Statement',1,0,'tdillon',NULL),(392,'Wage Adjustment Detail Report',96,NULL,NULL,NULL,NULL,'Wage_Adjustment_Detail_Report.jrxml',NULL,'J','P','Y','Y',NULL,'Wage Adjustment Detail Report',1,0,'tdillon',NULL),(393,'Employer Wage Reporting Summary',96,NULL,NULL,NULL,NULL,'Empl_Wage_Detail_Rpt.jrxml',NULL,'J','P','Y','Y',NULL,'Employer Wage Reporting Summary',1,0,'tdillon',NULL),(394,'Periodic Wage Detail',96,NULL,NULL,NULL,NULL,'periodic_wage_detail_rpt.jrxml',NULL,'J','P','Y','Y',NULL,'Periodic Wage Detail',1,0,'tdillon',NULL),(395,'Remittance Coupon',96,NULL,NULL,NULL,NULL,'Employer_remittance_coupon.jrxml',NULL,'J','P','Y','Y',NULL,'Remittance Coupon',1,0,'tdillon',NULL),(396,'Incomplete Enrollment-Beneficiary Form',80,NULL,NULL,NULL,NULL,'NA',NULL,'R','Q','Y','Y',NULL,'Incomplete Enrollment-Beneficiary Form',1,1,'csevedg','2014-12-08 16:45:53'),(397,'Missing Enrollment Beneficiary Form',80,NULL,NULL,NULL,NULL,'NA',NULL,'R','Q','Y','Y',NULL,'Missing Enrollment Beneficiary Form',0,1,'csevedg','2014-12-08 16:50:32'),(399,'Employer Annual Statement',96,NULL,NULL,NULL,NULL,'Master_Emp_Annual_Stmt_New.jrxml',NULL,'J','P','Y','Y',NULL,'Employer Annual Statement',1,0,'tdillon',NULL),(401,'ELECTRONIC_WR_WAIVER_GRANTED',91,NULL,NULL,NULL,NULL,'NA',NULL,'R','Q','Y','Y',NULL,'Granted Electronic WR Waiver',0,1,'cstoner','2014-12-08 16:08:12'),(403,'Address Sheet',96,NULL,NULL,NULL,NULL,'address_sheet.jrxml',NULL,'J','P','Y','Y',NULL,'Address Sheet',1,0,'tdillon',NULL),(404,'LETTERHEAD',96,NULL,NULL,NULL,NULL,'NA',NULL,'R','Q','Y','Y',NULL,'letterhead',0,1,'tdillon','2014-12-08 16:17:51'),(405,'APPROVAL OF IPERS EMPL ENROLLMENT APP',95,NULL,NULL,NULL,NULL,'NA',NULL,'R','Q','Y','Y',NULL,'Approval of IPERS Employer Enrollment Application',0,1,'cstoner','2014-12-08 16:26:24'),(406,'DENIED EMPLOYER ENROLLMENT APPLICATION',95,NULL,NULL,NULL,NULL,'NA',NULL,'R','Q','Y','Y',NULL,'Denied Employer Enrollment Application',0,1,'cstoner','2014-12-08 16:30:21'),(407,'MANUAL_WAGE_OR_ERROR_CONFIRMATION',91,NULL,NULL,NULL,NULL,'NA',NULL,'R','Q','Y','Y',NULL,'Manual Wage or Error Confirmation ',0,1,'cstoner','2014-12-08 16:47:59'),(410,'COMPLIANCE_REVIEW_RESULTS_LETTER',92,NULL,NULL,NULL,NULL,'NA',NULL,'R','Q','Y','Y',NULL,'Compliance Review Results Letter',0,1,'cstoner','2014-12-08 16:55:16'),(419,'EMPLOYER_PDF_FORM',100,NULL,NULL,NULL,NULL,'NA',NULL,'PF','Q','Y','Y',NULL,'Employer Pdf Form',0,0,'tdillon',NULL),(431,'Special Service Occupation Disability Appl Form',121,NULL,NULL,NULL,NULL,'Special Service Occupation Disability App Form.rtf',NULL,'R','Q','Y','Y',NULL,'Special Service Occupation Disability Appl Form',1,1,'cstoner','2014-12-22 09:12:01'),(432,'Individual RPA Form',85,NULL,NULL,NULL,NULL,'Individual RPA Form.rtf',NULL,'R','Q','Y','Y',NULL,'Individual RPA Form',0,1,'cstoner','2014-12-22 09:24:56'),(434,'MEMBER_APPOINTMENT_CONFIRMATION_LETTER',143,NULL,NULL,NULL,NULL,'NA',NULL,'R','Q','Y','Y',NULL,'Individual Member Appointment Confirmation Letter',1,1,'cstoner','2014-12-22 09:43:08'),(444,'Retirement Application',116,NULL,NULL,NULL,NULL,'Retirement_Application.jrxml',NULL,'J','Q','Y','Y',NULL,'Retirement Application',1,0,'tdillon',NULL),(446,'Member Conference Notification Letter',143,NULL,NULL,NULL,NULL,'NA',NULL,'R','Q','Y','Y',NULL,'Member Conference Notification Letter',0,1,'cstoner','2014-12-22 10:34:29'),(448,'Request for Benefits Change Form',116,NULL,NULL,NULL,NULL,'Request_for_Benefit_Change_Form.jrxml',NULL,'J','Q','Y','Y',NULL,'Request for Benefits Change Form',1,0,'tdillon',NULL),(452,'Legal_test',124,NULL,NULL,NULL,NULL,'NA',NULL,'R','Q','Y','Y',NULL,'Legal test',0,1,'tdillon','2014-12-22 10:35:01'),(459,'ALTERNATE_PAYEE_REMINDER_NOTICE_LETTER',120,NULL,NULL,NULL,NULL,'NA',NULL,'R','Q','Y','Y',NULL,'Alternate Payee Reminder Notice Letter',1,1,'cstoner','2014-12-22 10:51:44'),(470,'Institutional RPA Form',85,NULL,NULL,NULL,NULL,'Institutional_RPA_Form.jrxml',NULL,'J','Q','Y','Y',NULL,'Institutional RPA Form',0,0,'tdillon',NULL),(485,'MBR SS LOB View Benefits Estimate Requests Form',139,NULL,NULL,NULL,NULL,'NA',NULL,'R','Q','Y','Y',NULL,'MBR SS LOB View Benefits Estimate Requests Form',0,1,'cstoner','2014-12-23 09:10:20'),(492,'DISABILITY_REDUCTION_LETTER',104,NULL,NULL,NULL,NULL,'Disability Reduction Letter.rtf',NULL,'R','Q','Y','Y',NULL,'Disability Reduction Letter',1,1,'cstoner','2014-12-23 09:15:18'),(495,'SP_COST_QUOTE_LETTER_FOR_ACTIVE_MEMBER',127,NULL,NULL,NULL,NULL,'SCP_Letter_Active_Member.jrxml',NULL,'J','Q','Y','Y',NULL,'Service Purchase Cost Quote Ltr for Active Member',0,0,'tdillon',NULL),(496,'SP_COST_QUOTE_LETTER_FOR_RETIRED_MEMBER',127,NULL,NULL,NULL,NULL,'SCP_Letter_Retired_Member.jrxml',NULL,'J','Q','Y','Y',NULL,'Service Purchase Cost Quote Ltr for Retired Member',0,0,'tdillon',NULL),(500,'W2_FORM',147,NULL,NULL,NULL,NULL,'W2_Form.jrxml',NULL,'J','Q','Y','Y',NULL,'W2 Form',1,0,'tdillon',NULL),(501,'1099_DOCUMENT',147,NULL,NULL,NULL,NULL,'Form1099Report.jrxml',NULL,'J','Q','Y','Y',NULL,'1099 Document',1,0,'tdillon',NULL),(503,'ANNUAL_DISABILITY_VERIFICATION_LETTER',104,NULL,NULL,NULL,NULL,'Annual Disability Verification Letter.rtf',NULL,'R','Q','Y','Y',NULL,'Annual Disability Verification Letter',0,1,'csevedg','2014-12-10 10:33:37'),(504,'AFDVT_AND_AGRMNT_FOR_ISSUANCE_OF_DUPLICATE_WARRANT',85,NULL,NULL,NULL,NULL,'NA',NULL,'R','Q','Y','Y',NULL,'Afdvt and Agrmnt for Issuance of Duplicate Warrant',1,1,'csevedg','2014-12-10 10:55:54'),(507,'EMPLOYER_TRAINING_APPOINTMENT_CONFIRMATION_LETTER',132,NULL,NULL,NULL,NULL,'NA',NULL,'R','Q','Y','Y',NULL,'Employer Appointment Confirmation Letter',0,1,'tdillon','2015-01-05 16:03:41'),(510,'Outdated Warrant Information',122,NULL,NULL,NULL,NULL,'NA',NULL,'R','Q','Y','Y',NULL,'Outdated Warrant Information',0,1,'csevedg','2014-12-10 13:11:49'),(516,'Special Service Disability Letter of Award',121,NULL,NULL,NULL,NULL,'NA',NULL,'R','Q','Y','Y',NULL,'Special Service Disability Letter of Award',1,1,'csevedg','2014-12-10 15:10:17'),(517,'Special Service Switch to Regular Disability Form',121,NULL,NULL,NULL,NULL,'Special Service Switch to Regular Disab Form.rtf',NULL,'R','Q','Y','Y',NULL,'Special Service Switch to Regular Disability Form',1,1,'csevedg','2014-12-10 15:21:36'),(518,'SSD Preliminary Letter of Award',121,NULL,NULL,NULL,NULL,'NA',NULL,'R','Q','Y','Y',NULL,'Special Service Disability Prel Letter of Award',1,1,'csevedg','2014-12-10 16:06:08'),(520,'EARNING_LIMIT_NOTIFICATION',152,NULL,NULL,NULL,NULL,'Earnings Limit Notification Letter.rtf',NULL,'R','Q','Y','Y',NULL,'Earnings Limit Notification Letter',1,1,'csevedg','2014-12-10 16:11:51'),(521,'BENEFITS_ESTIMATE_REQUEST_FORM',85,NULL,NULL,NULL,NULL,'Benefits_Estimate_Request_Form.jrxml',NULL,'J','Q','Y','Y',NULL,'Benefits Estimate Request Form',0,0,'tdillon',NULL),(522,'Termination Verification Form',85,NULL,NULL,NULL,NULL,'Termination_Verification_Form.jrxml',NULL,'J','Q','Y','Y',NULL,'Termination Verification Form',1,0,'tdillon',NULL),(523,'Free Service Credit Confirmation Letter',127,NULL,NULL,NULL,NULL,'Free_Service_Credit_ConfLtr.jrxml',NULL,'J','Q','N','N',NULL,'Free Service Credit Confirmation Letter',1,0,'tdillon',NULL),(525,'DOB-Name Change Acknowledgement Letter',110,NULL,NULL,NULL,NULL,'NA',NULL,'R','Q','N','N',NULL,'DOB-Name Change Acknowledgement Letter',0,1,'tdillon','2014-12-10 16:49:42'),(526,'Special Service Disability Recalculation Letter',121,NULL,NULL,NULL,NULL,'NA',NULL,'R','Q','N','N',NULL,'Special Service Disability Recalculation Letter',1,1,'csevedg','2014-12-11 10:39:52'),(528,'WAGE_CERTIFICATION_FORM',94,NULL,NULL,NULL,NULL,'Wage_Certification.jrxml',NULL,'J','Q','Y','Y',NULL,'Wage Certification Form',1,0,'tdillon',NULL),(529,'Change of Location Notification Letter for Member',143,NULL,NULL,NULL,NULL,'NA',NULL,'R','Q','Y','Y',NULL,'Change of Location Notification Letter for Member',0,1,'csevedg','2014-12-11 11:04:14'),(530,'Benefit Estimate Letter',116,NULL,NULL,NULL,NULL,'Benefit_Estimate_Letter.jrxml',NULL,'J','Q','Y','Y',NULL,'Benefit Estimate Letter',1,0,'tdillon',NULL),(532,'CHANGE_OF_LOCATION_NOTIFICATION_LETTER',153,NULL,NULL,NULL,NULL,'NA',NULL,'R','Q','Y','Y',NULL,'Change of Location Notification Letter fo Employer',0,1,'csevedg','2014-12-11 11:11:27'),(534,'New Reporting Officials-Emp Training Notif Ltr',153,NULL,NULL,NULL,NULL,'NA',NULL,'R','Q','Y','Y',NULL,'New Reporting Officials-Emp Training Notif Ltr',0,1,'csevedg','2014-12-11 11:37:27'),(535,'Tax Withholding Form',85,NULL,NULL,NULL,NULL,'Tax_Withholding_Form.jrxml',NULL,'J','Q','Y','Y',NULL,'Tax Withholding Form',1,0,'tdillon',NULL),(536,'Employer Annual Update-Emp Training Notif Ltr',153,NULL,NULL,NULL,NULL,'NA',NULL,'R','Q','Y','Y',NULL,'Employer Annual Update-Emp Training Notif Ltr',0,1,'csevedg','2014-12-11 11:50:10'),(538,'RETIREMENT_DEATH_BENEFITS_APP',84,NULL,NULL,NULL,NULL,'RDB_Application.jrxml',NULL,'J','Q','Y','Y',NULL,'Retirement Death Benefits Application',1,0,'tdillon',NULL),(541,'Income Verification Letter',85,NULL,NULL,NULL,NULL,'Income_Verification_Letter.jrxml',NULL,'J','Q','Y','Y',NULL,'Income Verification Letter',1,0,'tdillon',NULL),(542,'DEATH_BENEFIT_APP_REJECTION_LETTER',84,NULL,NULL,NULL,NULL,'NA',NULL,'R','Q','N','N',NULL,'Death Benefit Application Rejection Letter',0,1,'csevedg','2014-12-11 11:55:02'),(543,'DEATH_BENEFITS_PAYMENT_LETTER',84,NULL,NULL,NULL,NULL,'NA',NULL,'R','Q','Y','Y',NULL,'Death Benefits Payment Letter',0,1,'tdillon','2014-12-11 11:57:28'),(544,'PPO3 Decision Letter',116,NULL,NULL,NULL,NULL,'PP03_Main_Form.jrxml',NULL,'J','P','Y','Y',NULL,'PPO3 Lump Sum Application',1,0,'tdillon',NULL),(545,'Recalculation Letter',116,NULL,NULL,NULL,NULL,'NA',NULL,'R','Q','Y','Y',NULL,'Recalculation Letter',1,1,'csevedg','2014-12-15 16:37:36'),(546,'Request for Outstanding Warrant Action Form',122,NULL,NULL,NULL,NULL,'Request for Outstanding Warrant Action Form.rtf',NULL,'R','Q','Y','Y',NULL,'Request for Outstanding Warrant Action Form',0,1,'csevedg','2014-12-11 16:32:51'),(547,'Notice of Recalculation for Reemployment',152,NULL,NULL,NULL,NULL,'NA',NULL,'R','Q','N','N',NULL,'Notice of Recalculation for Reemployment',1,1,'csevedg','2014-12-12 13:59:36'),(548,'Re-employment Benefit Decision Application',116,NULL,NULL,NULL,NULL,'RREMP_Application.jrxml',NULL,'J','Q','Y','Y',NULL,'Re-employment Benefit Decision Application',1,0,'tdillon',NULL),(549,'RETIREMENT_NOTIFICATION_LETTER',116,NULL,NULL,NULL,NULL,'Retirement_Notification_Letter.jrxml',NULL,'J','Q','Y','Y',NULL,'Retirement Notification Letter',0,0,'tdillon',NULL),(550,'ADDRESS_CHANGE_CONFIRMATION_EXTERNAL_SOURCE',85,NULL,NULL,NULL,NULL,'Address Change Confirmation (External Source).rtf',NULL,'R','Q','Y','Y',NULL,'Address Change Confirmation (External Source)',1,1,'csevedg','2014-12-11 16:41:18'),(551,'DIRECT_DEPOSIT',85,NULL,NULL,NULL,NULL,'NA',NULL,'R','Q','Y','Y',NULL,'Direct Deposit',1,1,'csevedg','2014-12-11 17:01:17'),(554,'Release of Information Form',85,NULL,NULL,NULL,NULL,'Release of Information Form.rtf',NULL,'R','Q','Y','Y',NULL,'Release of Information Form',1,1,'csevedg','2014-12-12 14:03:59'),(555,'DEATH_BENEFIT_APPLICATION',84,NULL,NULL,NULL,NULL,'DeathBenefit.jrxml',NULL,'J','Q','Y','Y',NULL,'Application for IPERS Death Benefit',1,0,'tdillon',NULL),(556,'AP Application',120,NULL,NULL,NULL,NULL,'Alternate_Payee_Application_Master.jrxml',NULL,'J','Q','Y','Y',NULL,'AP Application',1,0,'tdillon',NULL),(557,'SAP Application',120,NULL,NULL,NULL,NULL,'sap_application_refund.jrxml',NULL,'J','Q','N','N',NULL,'SAP Application - Refund',0,0,'tdillon',NULL),(560,'Letter of Award',116,NULL,NULL,NULL,NULL,'NA',NULL,'R','Q','Y','Y',NULL,'Letter of Award',1,1,'csevedg','2014-12-12 16:34:55'),(561,'MAD_PRE_NOTIFICATION_LETTER',156,NULL,NULL,NULL,NULL,'Retirement_Benefit_Estimate.jrxml',NULL,'J','Q','Y','Y',NULL,'MAD Pre-Notification Letter',1,0,'tdillon',NULL),(562,'Member Lump Sum Form For Mss',154,NULL,NULL,NULL,NULL,'master_member_lumpsum_form_mss.jrxml',NULL,'J','Q','Y','Y',NULL,'Member Lump Sum Form For Mss',1,0,'tdillon',NULL),(563,'OVERPAYMENT_INVOICE',157,NULL,NULL,NULL,NULL,'Overpayment_Invoice.jrxml',NULL,'J','Q','Y','Y',NULL,'Overpayment Invoice',1,0,'tdillon',NULL),(565,'BONA_FIDE_RETIREMENT_VOILATION_OVERPAYMENT_LETTER',157,NULL,NULL,NULL,NULL,'Bonafide_Retirement_Violation_Overpay_Letter.jrxml',NULL,'J','Q','Y','Y',NULL,'Bona fide Retirement Violation-Overpayment Letter',0,0,'tdillon',NULL),(567,'Overpayment Amortization Schedule Report',157,NULL,NULL,NULL,NULL,'overpayment_amortization_schedule_rpt.jrxml',NULL,'J','Q','Y','Y',NULL,'Overpayment Amortization Schedule Report',0,0,'tdillon',NULL),(568,'REFUND_VIOLATION_OVERPAYMENT_LETTER',157,NULL,NULL,NULL,NULL,'NA',NULL,'R','Q','N','N',NULL,'Refund Violation - Overpayment Letter',0,1,'csevedg','2014-12-12 16:46:31'),(569,'Benefits Overpayment Letter',157,NULL,NULL,NULL,NULL,'NA',NULL,'R','Q','Y','Y',NULL,'Benefits Overpayment Letter',1,1,'csevedg','2014-12-12 16:57:06'),(570,'Member Lump Sum Form',154,NULL,NULL,NULL,NULL,'master_member_lumpsum_form.jrxml',NULL,'J','Q','Y','Y',NULL,'Member Lump Sum Form',1,0,'tdillon',NULL),(572,'Re-employment Termination Acknowledgement Ltr',152,NULL,NULL,NULL,NULL,'NA',NULL,'R','Q','Y','Y',NULL,'Re-employment Termination Acknowledgement Ltr',1,1,'csevedg','2014-12-15 08:54:31'),(573,'Member Lump Sum Form for IVR',154,NULL,NULL,NULL,NULL,'master_member_lumpsum_form.jrxml',NULL,'J','Q','N','N',NULL,'Member Lump Sum Form for IVR',1,0,'tdillon',NULL),(574,'Member Benefit Statement Form',158,NULL,NULL,NULL,NULL,'Member_Annual_Statement.jrxml',NULL,'J','Q','Y','Y',NULL,'Member Benefit Statement Form',1,0,'tdillon',NULL),(576,'Age 70.5 MRD Notification Letter',159,NULL,NULL,NULL,NULL,'Age_70_5_MRD_Notification_Letter.jrxml',NULL,'J','Q','Y','Y',NULL,'Age 70.5 MRD Notification Letter',1,0,'tdillon',NULL),(580,'MSS_CHANGE_EMAIL_ADDRESS_DOC_SHELL',160,NULL,NULL,NULL,NULL,'NA',NULL,'R','Q','Y','Y',NULL,'Change Email Address',0,1,'csevedg','2014-12-15 09:05:25'),(581,'MSS_REQUEST_USERNAME_DOC_SHELL',160,NULL,NULL,NULL,NULL,'NA',NULL,'R','Q','Y','Y',NULL,'Request Username',0,1,'csevedg','2014-12-15 09:08:43'),(582,'MSS_REGISTRATION_SUCCESS_DOC_SHELL',160,NULL,NULL,NULL,NULL,'NA',NULL,'R','Q','Y','Y',NULL,'Registration Success',0,1,'csevedg','2014-12-15 09:11:45'),(583,'MSS_RESET_PASSWORD_OR_SECURITY_QUESTION_DOC_SHELL',160,NULL,NULL,NULL,NULL,'NA',NULL,'R','Q','Y','Y',NULL,'Reset Password or Security Question',0,1,'csevedg','2014-12-15 09:14:44'),(584,'AE Application Letter',116,NULL,NULL,NULL,NULL,'NA',NULL,'R','Q','N','N',NULL,'AE Application Letter',1,1,'csevedg','2014-12-15 09:23:38'),(585,'AE Estimate Letter',116,NULL,NULL,NULL,NULL,'NA',NULL,'R','Q','Y','Y',NULL,'AE Estimate Letter',1,1,'csevedg','2014-12-15 09:29:55'),(586,'CONTINGENT_ANNUITANT_DEATH_LETTER',150,NULL,NULL,NULL,NULL,'NA',NULL,'R','Q','N','N',NULL,'Contingent Annuitant Death Letter',0,1,'csevedg','2014-12-15 09:51:00'),(587,'AMDB Notice of Recalculation',150,NULL,NULL,NULL,NULL,'NA',NULL,'R','Q','N','N',NULL,'AMDB Notice of Recalculation',0,1,'csevedg','2014-12-15 11:20:34'),(589,'CONFIRMATION_OF_TAX_WITHHOLDING_CHANGE',85,NULL,NULL,NULL,NULL,'NA',NULL,'R','Q','Y','Y',NULL,'CONFIRMATION_OF_TAX_WITHHOLDING_CHANGE',1,1,'csevedg','2014-12-15 11:40:55'),(593,'Overpayment Statement',157,NULL,NULL,NULL,NULL,'Overpayment_Statement.jrxml',NULL,'J','Q','Y','Y',NULL,'Overpayment Statement',1,0,'tdillon',NULL),(601,'PRELIMINARY_LETTER_OF_AWARD',116,NULL,NULL,NULL,NULL,'NA',NULL,'R','Q','Y','Y',NULL,'Preliminary Letter of Award',1,1,'csevedg','2014-12-29 11:46:33'),(602,'Option 6 Pop Up Notification',116,NULL,NULL,NULL,NULL,'NA',NULL,'R','Q','N','N',NULL,'Option 6 Pop Up Notification',1,1,'csevedg','2014-12-29 12:07:31'),(603,'Historical Spike Control Work History View',161,NULL,NULL,NULL,NULL,'spike_control_view_1.jrxml',NULL,'J','Q','N','N',NULL,'Historical Spike Control Work History View',1,0,'tdillon',NULL),(604,'EMAIL_COVER_LETTER',85,NULL,NULL,NULL,NULL,'NA',NULL,'R','Q','N','N',NULL,'EMail Cover Letter',1,1,'tdillon','2014-12-29 12:11:48'),(605,'Notice of Final Benefit Payment',150,NULL,NULL,NULL,NULL,'NA',NULL,'R','Q','N','N',NULL,'Notice of Final Benefit Payment',1,1,'csevedg','2014-12-29 12:19:33'),(606,'Reminder for Death Benefit Application',150,NULL,NULL,NULL,NULL,'NA',NULL,'R','Q','N','N',NULL,'Reminder for Death Benefit Application',1,1,'csevedg','2014-12-29 13:20:55'),(607,'OUTDATED_WARRANT_LETTER',122,NULL,NULL,NULL,NULL,'NA',NULL,'R','Q','N','N',NULL,'OUTDATED_WARRANT_LETTER',1,1,'csevedg','2014-12-29 13:34:05'),(609,'Alternate Payee QDRO Letter of Award',116,NULL,NULL,NULL,NULL,'NA',NULL,'R','Q','N','N',NULL,'Alternate Payee QDRO Letter of Award',1,1,'csevedg','2014-12-29 13:42:02'),(611,'OUTDATED_BENEFIT_CHECKS_WARNING_OF_SUSPENSION',122,NULL,NULL,NULL,NULL,'NA',NULL,'R','Q','N','N',NULL,'OUTDATED_BENEFIT_CHECKS_WARNING_OF_SUSPENSION',0,1,'csevedg','2014-12-29 14:07:46'),(612,'SAP_APPLICATION_RETIREMENT',120,NULL,NULL,NULL,NULL,'sap_application_retirement.jrxml',NULL,'J','Q','N','N',NULL,'SAP Application - Retirement',0,0,'tdillon',NULL),(613,'SAP_APPLICATION_AMDB',120,NULL,NULL,NULL,NULL,'sap_application_amdb.jrxml',NULL,'J','Q','N','N',NULL,'SAP Application - AMDB Lumpsum',0,0,'tdillon',NULL),(614,'AP Notice of Recalculation',163,NULL,NULL,NULL,NULL,'NA',NULL,'R','Q','N','N',NULL,'AP Notice of Recalculation',1,1,'csevedg','2014-12-29 14:16:25'),(615,'WAIVERDEATHBENEFITSRELEASE',84,NULL,NULL,NULL,NULL,'NA',NULL,'R','Q','N','N',NULL,'WaiverDeathBenefitsRelease',0,1,'csevedg','2014-12-29 14:21:57'),(616,'DIRECT_DEPOSIT_CHANGE_CONFIRMATION_LETTER',85,NULL,NULL,NULL,NULL,'NA',NULL,'R','Q','N','N',NULL,'Direct Deposit Change Confirmation Letter',1,1,'csevedg','2014-12-29 14:26:43'),(617,'RETURNED_REP_PAYEE_DOC_EXPL_LETTER_TO_MEMBER',85,NULL,NULL,NULL,NULL,'NA',NULL,'R','Q','N','N',NULL,'Returned Rep Payee Doc Expl letter to Member',0,1,'csevedg','2014-12-29 14:33:15'),(618,'BENEFIT_ESTIMATE_REQUEST_LETTER__AGE_70_12',118,NULL,NULL,NULL,NULL,'NA',NULL,'R','Q','N','N',NULL,'Benefit Estimate Request Letter (Age 70 12',1,1,'csevedg','2014-12-29 14:36:51'),(619,'REPRESENTATIVE_PAYEE_CONFIRMATION_LETTER_TO_MEMBER',85,NULL,NULL,NULL,NULL,'NA',NULL,'R','Q','N','N',NULL,'REPRESENTATIVE_PAYEE_CONFIRMATION_LETTER_TO_MEMBER',0,1,'csevedg','2014-12-29 14:42:04'),(620,'REPRESENTATIVE_PAYEE_CONFIRMATION_LETTER_TO_REP',85,NULL,NULL,NULL,NULL,'NA',NULL,'R','Q','N','N',NULL,'REPRESENTATIVE_PAYEE_CONFIRMATION_LETTER_TO_REP',0,1,'csevedg','2014-12-29 14:48:02'),(621,'INCOMPLETE_DISABILITY_APPLICATION_LTR',121,NULL,NULL,NULL,NULL,'NA',NULL,'R','Q','N','N',NULL,'Incomplete Disability Application ltr',1,1,'csevedg','2014-12-29 14:53:53'),(622,'ATTORNEY_IN_FACT_POWERS_EXP_RECINDED_TO_AUTH_AGENT',85,NULL,NULL,NULL,NULL,'NA',NULL,'R','Q','N','N',NULL,'attorney in fact powers exp recinded to auth agent',0,1,'csevedg','2014-12-29 15:09:34'),(623,'ATTORNEY_IN_FACT_CONFIRMATION_LTR_TO_AUTH_AGENT',85,NULL,NULL,NULL,NULL,'NA',NULL,'R','Q','N','N',NULL,'Attorney in Fact Confirmation ltr to Auth Agent',0,1,'csevedg','2014-12-29 15:14:17'),(624,'REQUEST_FOR_MEDICAL_UPDATE',121,NULL,NULL,NULL,NULL,'NA',NULL,'R','Q','N','N',NULL,'REQUEST_FOR_MEDICAL_UPDATE',0,1,'csevedg','2014-12-29 15:17:37'),(625,'SPEC_SERV_DISABILITY_SUSPENSION',121,NULL,NULL,NULL,NULL,'NA',NULL,'R','Q','N','N',NULL,'SPEC_SERV_DISABILITY_SUSPENSION',1,1,'csevedg','2014-12-29 15:22:22'),(626,'BENEFICIARY_RECLAMATION',157,NULL,NULL,NULL,NULL,'NA',NULL,'R','Q','N','N',NULL,'Beneficiary Reclamation',0,1,'csevedg','2014-12-30 16:54:48'),(627,'MEMBER_RECLAMATION',157,NULL,NULL,NULL,NULL,'NA',NULL,'R','Q','N','N',NULL,'Member Reclamation',0,1,'csevedg','2014-12-29 15:43:25'),(628,'IPERS_LOGO_TEST',122,NULL,NULL,NULL,NULL,'NA',NULL,'R','Q','N','N',NULL,'ipers logo test',0,1,'csevedg','2014-12-29 15:50:51'),(629,'OUTDATED_WARRANT_DECEASED_LOCATE_HEIRS__BANK__EST',122,NULL,NULL,NULL,NULL,'NA',NULL,'R','Q','N','N',NULL,'Outdated Warrant-Deceased-Locate Heirs- Bank- Est',0,1,'csevedg','2014-12-29 15:55:41'),(630,'OUTDATED_WARRANT_AFFIDAV__FOR_DECEASED',122,NULL,NULL,NULL,NULL,'NA',NULL,'R','Q','N','N',NULL,'OUTDATED_WARRANT_AFFIDAV__FOR_DECEASED',0,1,'tdillon','2014-12-29 15:57:05'),(631,'OUTDATED_WARRANT_NOTIF_OF_SUSPENSION',122,NULL,NULL,NULL,NULL,'NA',NULL,'R','Q','N','N',NULL,'OUTDATED_WARRANT_NOTIF_OF_SUSPENSION',1,1,'csevedg','2014-12-29 16:49:52'),(632,'OW_DECEASED_MEMBER___SINGLE_HEIR_LETTER',122,NULL,NULL,NULL,NULL,'NA',NULL,'R','Q','N','N',NULL,'OW_DECEASED_MEMBER___SINGLE_HEIR_LETTER',0,1,'csevedg','2014-12-30 11:05:13'),(633,'OW_DECEASED_MEMBER_MULTIPLE_HEIRS_LETTER',122,NULL,NULL,NULL,NULL,'NA',NULL,'R','Q','N','N',NULL,'OW_DECEASED_MEMBER_MULTIPLE_HEIRS_LETTER',0,1,'csevedg','2014-12-30 11:15:55'),(634,'Incomplete Application for Reemployment Benefit',152,NULL,NULL,NULL,NULL,'NA',NULL,'R','Q','N','N',NULL,'Incomplete Application for Reemployment Benefits',1,1,'csevedg','2014-12-30 11:19:52'),(637,'MAD_ACCOUNT_RESTRORATION_VERIFICATION',156,NULL,NULL,NULL,NULL,'NA',NULL,'R','Q','N','N',NULL,'MAD Account Restroration Verification',0,1,'csevedg','2014-12-30 11:27:52'),(638,'MAD_REVERSAL_REJECTION_LETTER',156,NULL,NULL,NULL,NULL,'NA',NULL,'R','Q','N','N',NULL,'MAD Reversal Rejection Letter',0,1,'csevedg','2014-12-30 11:46:19'),(639,'NOTICE_OF_MANDATORY_ACCOUNT_DISTRIBUTION',156,NULL,NULL,NULL,NULL,'NA',NULL,'R','Q','N','N',NULL,'Notice of Mandatory Account Distribution',0,1,'tdillon','2014-12-30 11:43:17'),(640,'SERV_PURCH_RESCIND_DENIAL_LTR',127,NULL,NULL,NULL,NULL,'NA',NULL,'R','Q','N','N',NULL,'SERV PURCH RESCIND DENIAL LTR',1,1,'csevedg','2014-12-30 11:52:55'),(641,'SERVICE_PURCHASE_APP_REJECT_LETTER',127,NULL,NULL,NULL,NULL,'NA',NULL,'R','Q','N','N',NULL,'SERVICE_PURCHASE_APP_REJECT_LETTER',1,1,'csevedg','2014-12-30 11:57:04'),(642,'SERVICE_PURCHASE_RECEIPT_OF_PAYMENT_LTR',127,NULL,NULL,NULL,NULL,'NA',NULL,'R','Q','N','N',NULL,'SERVICE_PURCHASE_RECEIPT_OF_PAYMENT_LTR',1,1,'csevedg','2014-12-30 12:05:01'),(643,'REPAYMENTWILLNOTCHANGENOTIFICATIONLETTER',116,NULL,NULL,NULL,NULL,'NA',NULL,'R','Q','N','N',NULL,'REPAYMENTWILLNOTCHANGENOTIFICATIONLETTER',0,1,'csevedg','2014-12-30 12:09:59'),(644,'BENEFIT_SUSPENSION_CONFIRMATION___EARNINGS_LIMIT',116,NULL,NULL,NULL,NULL,'NA',NULL,'R','Q','N','N',NULL,'Benefit Suspension Confirmation - Earnings Limit',0,1,'csevedg','2014-12-30 12:15:51'),(646,'CONFIRMATION_BENEFIT_OPTION_CHANGE_LETTER',116,NULL,NULL,NULL,NULL,'NA',NULL,'R','Q','N','N',NULL,'CONFIRMATION_BENEFIT_OPTION_CHANGE_LETTER',1,1,'csevedg','2014-12-30 12:20:47'),(647,'INCOMPLETE_APP_FOR_REFUND_LUMP_SUM',116,NULL,NULL,NULL,NULL,'NA',NULL,'R','Q','N','N',NULL,'Incomplete App for Refund Lump Sum',1,1,'csevedg','2014-12-30 12:26:12'),(648,'INCOMPLETE_APP_FOR_AE_LUMP_SUM',116,NULL,NULL,NULL,NULL,'NA',NULL,'R','Q','N','N',NULL,'INCOMPLETE_APP_FOR_AE_LUMP_SUM',1,1,'csevedg','2014-12-30 13:26:00'),(649,'INCOMPLETE_APP_FOR_RETIREMENT_BENEFITS',116,NULL,NULL,NULL,NULL,'NA',NULL,'R','Q','N','N',NULL,'INCOMPLETE_APP_FOR_RETIREMENT_BENEFITS',1,1,'csevedg','2014-12-30 13:33:11'),(650,'APPEAL_ACKNOWLEDGEMENT_LETTER',126,NULL,NULL,NULL,NULL,'NA',NULL,'R','Q','N','N',NULL,'APPEAL_ACKNOWLEDGEMENT_LETTER',0,1,'csevedg','2014-12-30 13:38:53'),(651,'INCOMPLETE_BENEFIT_OPTIONS_FORM',116,NULL,NULL,NULL,NULL,'NA',NULL,'R','Q','N','N',NULL,'INCOMPLETE_BENEFIT_OPTIONS_FORM',1,1,'csevedg','2014-12-30 13:54:42'),(652,'AP_INCOMPLETE_REFUND_APP',85,NULL,NULL,NULL,NULL,'NA',NULL,'R','Q','N','N',NULL,'AP Incomplete Refund App',0,1,'cstoner','2014-12-29 11:25:44'),(653,'APPOINTMENT_CONFIRMATION',85,NULL,NULL,NULL,NULL,'NA',NULL,'R','Q','N','N',NULL,'APPOINTMENT_CONFIRMATION',1,1,'cstoner','2014-12-29 10:44:13'),(654,'APPOINTMENT_REMINDER',85,NULL,NULL,NULL,NULL,'NA',NULL,'R','Q','N','N',NULL,'APPOINTMENT_REMINDER',1,1,'cstoner','2014-12-29 10:58:18'),(655,'ALTERNATE_PAYEE_INCOMPLETE_APPLICATION_LETTER',120,NULL,NULL,NULL,NULL,'NA',NULL,'R','Q','N','N',NULL,'ALTERNATE_PAYEE_INCOMPLETE_APPLICATION_LETTER',0,1,'cstoner','2014-12-29 11:23:45'),(656,'ATTY_IN_FACT_CONF_LTR_TO_MEMBER',85,NULL,NULL,NULL,NULL,'NA',NULL,'R','Q','N','N',NULL,'Atty in Fact Conf ltr to Member',0,1,'cstoner','2014-12-31 06:50:53'),(657,'MBR_INITIAL_NOTICE_OF_IRS_LEVY',120,NULL,NULL,NULL,NULL,'NA',NULL,'R','Q','N','N',NULL,'MBR_INITIAL_NOTICE_OF_IRS_LEVY',0,1,'cstoner','2014-12-31 07:02:26'),(658,'ATTY_IN_FACT_POWERS_EXPIRED_RESCINDED_TO_MBR',85,NULL,NULL,NULL,NULL,'NA',NULL,'R','Q','N','N',NULL,'atty in fact powers expired rescinded to mbr',0,1,'cstoner','2014-12-31 07:06:18'),(659,'MBR_NOT_IN_ACTIVE_PAY_STATUS_NOTIF__CS',120,NULL,NULL,NULL,NULL,'NA',NULL,'R','Q','N','N',NULL,'MBR_NOT_IN_ACTIVE_PAY_STATUS_NOTIF__CS',0,1,'cstoner','2014-12-31 07:15:49'),(660,'GENERIC_ADDRESS_PAGE',85,NULL,NULL,NULL,NULL,'NA',NULL,'R','Q','N','N',NULL,'Generic Address Page',1,1,'cstoner','2014-12-31 07:18:44'),(661,'GENERIC_TITLE_PAGE',85,NULL,NULL,NULL,NULL,'NA',NULL,'R','Q','N','N',NULL,'Generic Title Page',1,1,'cstoner','2014-12-31 07:21:55'),(662,'NO_FUNDS_AVAILABLE_NOTIF__CS_',120,NULL,NULL,NULL,NULL,'NA',NULL,'R','Q','N','N',NULL,'NO_FUNDS_AVAILABLE_NOTIF__CS_',0,1,'cstoner','2014-12-31 17:01:31'),(663,'INCOMPLETE_DIRECT_DEPOSIT_LETTER',85,NULL,NULL,NULL,NULL,'NA',NULL,'R','Q','N','N',NULL,'INCOMPLETE_DIRECT_DEPOSIT_LETTER',1,1,'cstoner','2014-12-31 17:05:17'),(664,'INCOMPLETE_TAX_WITHHOLDING_LETTER',85,NULL,NULL,NULL,NULL,'NA',NULL,'R','Q','N','N',NULL,'INCOMPLETE_TAX_WITHHOLDING_LETTER',1,1,'cstoner','2014-12-31 17:08:37'),(665,'QDRO_INITIAL_REQUEST_LETTER',120,NULL,NULL,NULL,NULL,'NA',NULL,'R','Q','N','N',NULL,'QDRO Initial Request letter',0,1,'cstoner','2014-12-31 17:17:09'),(666,'MEMBER_APPOINTMENT_REVISION',85,NULL,NULL,NULL,NULL,'NA',NULL,'R','Q','N','N',NULL,'MEMBER_APPOINTMENT_REVISION',0,1,'cstoner','2014-12-31 17:22:00'),(667,'MEMBER_CONFERENCE_NOTIFICATION',85,NULL,NULL,NULL,NULL,'NA',NULL,'R','Q','N','N',NULL,'MEMBER_CONFERENCE_NOTIFICATION',0,1,'cstoner','2015-01-05 11:18:32'),(668,'PAYMENT_METHOD_CHANGE_CONFIRMATION_LETTER',85,NULL,NULL,NULL,NULL,'NA',NULL,'R','Q','N','N',NULL,'PAYMENT_METHOD_CHANGE_CONFIRMATION_LETTER',0,1,'cstoner','2015-01-05 11:27:39'),(669,'PAYMENT_METHOD_REQUEST_LETTER',85,NULL,NULL,NULL,NULL,'NA',NULL,'R','Q','N','N',NULL,'PAYMENT_METHOD_REQUEST_LETTER',0,1,'cstoner','2015-01-05 11:32:42'),(670,'REQUEST_FOR_PAYMENT_METHOD_INSTRUCTIONS',85,NULL,NULL,NULL,NULL,'NA',NULL,'R','Q','N','N',NULL,'REQUEST_FOR_PAYMENT_METHOD_INSTRUCTIONS',0,1,'cstoner','2015-01-05 11:41:21'),(671,'RET_ATTY_IN_FACT_DOC_EXPL_TO_AUTH_AGENT',85,NULL,NULL,NULL,NULL,'NA',NULL,'R','Q','N','N',NULL,'RET_ATTY_IN_FACT_DOC_EXPL_TO_AUTH_AGENT',0,1,'cstoner','2015-01-05 11:44:52'),(672,'MEMBER_APPOINTMENT_REMINDER',143,NULL,NULL,NULL,NULL,'NA',NULL,'R','Q','N','N',NULL,'Member Appointment Reminder',0,1,'cstoner','2015-01-05 11:56:49'),(673,'RET_ATTY_IN_FACT_DOC_EXPLAINATION',85,NULL,NULL,NULL,NULL,'NA',NULL,'R','Q','N','N',NULL,'RET_ATTY_IN_FACT_DOC_EXPLAINATION',0,1,'cstoner','2015-01-05 15:26:36'),(674,'RETURNED_MONTHLY_BENEFIT_CHECK',85,NULL,NULL,NULL,NULL,'NA',NULL,'R','Q','N','N',NULL,'Returned Monthly Benefit Check',1,1,'cstoner','2015-01-05 15:38:16'),(675,'RETURNED_REP_PAYEE_DOC_EXPL_LETTER_TO_REP_PAYEE',85,NULL,NULL,NULL,NULL,'NA',NULL,'R','Q','N','N',NULL,'Returned Rep Payee Doc Expl letter to Rep Payee',0,1,'cstoner','2015-01-05 15:41:00'),(676,'TEST123',85,NULL,NULL,NULL,NULL,'NA',NULL,'R','Q','N','N',NULL,'test123',0,1,'cstoner','2015-01-05 15:45:23'),(677,'TAX_INFORMATION_LETTER__CORRECTED_1099R_',147,NULL,NULL,NULL,NULL,'NA',NULL,'R','Q','N','N',NULL,'Tax Information Letter (Corrected 1099R)',1,1,'csevedg','2014-12-31 09:12:58'),(678,'DIRECT_DEPOSIT_AUTH___MEMBER',82,NULL,NULL,NULL,NULL,'NA',NULL,'R','Q','N','N',NULL,'DIRECT_DEPOSIT_AUTH___MEMBER',1,1,'tdillon','2014-12-31 09:17:08'),(679,'LOGO',82,NULL,NULL,NULL,NULL,'NA',NULL,'R','Q','N','N',NULL,'logo',0,1,'tdillon','2014-12-31 09:18:38'),(680,'INC_APP_SWITCH_SPEC_SERV_DISB_TO_REG_DISB',121,NULL,NULL,NULL,NULL,'NA',NULL,'R','Q','N','N',NULL,'INC_APP_SWITCH_SPEC_SERV_DISB_TO_REG_DISB',0,1,'csevedg','2014-12-31 09:23:02'),(681,'MEDICAL_BOARD_LTR_OF_RECOMMENDATION',121,NULL,NULL,NULL,NULL,'NA',NULL,'R','Q','N','N',NULL,'MEDICAL_BOARD_LTR_OF_RECOMMENDATION',0,1,'csevedg','2014-12-31 09:26:58'),(682,'SPEC_SERV_DISABILITY_REQ_FOR_TAX_RETURNS_1ST_REQ',121,NULL,NULL,NULL,NULL,'NA',NULL,'R','Q','N','N',NULL,'SPEC_SERV_DISABILITY_REQ_FOR_TAX_RETURNS_1ST_REQ',0,1,'csevedg','2014-12-31 09:31:09'),(683,'SPEC_SERV_DISABILITY_REQ_FOR_TAX_RETURNS_2ND_REQ',121,NULL,NULL,NULL,NULL,'NA',NULL,'R','Q','N','N',NULL,'SPEC_SERV_DISABILITY_REQ_FOR_TAX_RETURNS_2ND_REQ',0,1,'csevedg','2014-12-31 09:48:33'),(684,'SPECIAL_SERVICE_DISABILITY_DISCONTINUED_LETTER',121,NULL,NULL,NULL,NULL,'NA',NULL,'R','Q','N','N',NULL,'SPECIAL_SERVICE_DISABILITY_DISCONTINUED_LETTER',1,1,'csevedg','2014-12-31 10:01:47'),(685,'MINI_BROCHURE_ADDRESS__PAGE',85,NULL,NULL,NULL,NULL,'NA',NULL,'R','Q','N','N',NULL,'Generic Mini Brochure Address  Pg',1,1,'csevedg','2014-12-31 10:12:54'),(687,'BENEFIT_ESTIMATE_REQUEST_LETTER__AGE_70_12_NEW',118,NULL,NULL,NULL,NULL,'benefit_estimate_request_letter_master.jrxml',NULL,'J','Q','N','N',NULL,'Benefit Estimate Request Letter (Age 70 12 Duplex)',1,0,'tdillon',NULL),(688,'BENEFICIARY_GENERIC_ADDRESS_PAGE',85,NULL,NULL,NULL,NULL,'NA',NULL,'R','Q','N','N',NULL,'Beneficiary Generic Address Page',1,1,'csevedg','2014-12-31 10:17:55'),(689,'SERVICE_PURCHASE_GENERIC_ADDRESS_PAGE',85,NULL,NULL,NULL,NULL,'NA',NULL,'R','Q','N','N',NULL,'Service Purchase Generic Address Page',1,1,'csevedg','2014-12-31 10:23:46'),(691,'RECALC_LETTER_FROM_BATCH',116,NULL,NULL,NULL,NULL,'NA',NULL,'R','Q','N','N',NULL,'Recalculation Letter',1,1,'csevedg','2014-12-31 11:18:27'),(692,'RETURNED_BENEFIT_CHECK_ACH',85,NULL,NULL,NULL,NULL,'NA',NULL,'R','Q','N','N',NULL,'Returned Benefit Check ACH',1,1,'csevedg','2014-12-31 11:24:53'),(693,'BUY_BACK_CREDIT_DENIAL_LETTER',127,NULL,NULL,NULL,NULL,'NA',NULL,'R','Q','N','N',NULL,'Buy Back Credit Denial Letter',0,1,'csevedg','2014-12-31 11:29:35'),(695,'BUY_BACK_CREDIT_EMPLOYER_VERIFICATION',132,NULL,NULL,NULL,NULL,'NA',NULL,'R','Q','N','N',NULL,'Buy Back Credit Employer Verification',1,1,'csevedg','2014-12-31 11:45:09'),(697,'MBR_BENEFIT_STMT_MSS',158,NULL,NULL,NULL,NULL,'Member_Annual_Statement.jrxml',NULL,'J','Q','N','N',NULL,'MSS Annual Statement',1,0,'tdillon',NULL),(700,'CSW_INSTITUTION_LETTER',154,NULL,NULL,NULL,NULL,'NA',NULL,'R','Q','N','N',NULL,'CSW Institution Letter',1,1,'cstoner','2014-12-08 15:48:23'),(701,'AMDB_LETTER_OF_AWARD',150,NULL,NULL,NULL,NULL,'NA',NULL,'R','Q','N','N',NULL,'AMDB Letter of Award',0,1,'cstoner','2014-12-08 15:49:51'),(710,'AFFIDAVIT_REGARDING_INABILITY_TO_LOCATE_SPOUSE',110,NULL,NULL,NULL,NULL,'NA',NULL,'R','Q','N','N',NULL,'Affidavit Regarding Inability to Locate Spouse',1,1,'cstoner','2014-12-08 15:52:58'),(713,'EMPLOYER_SELF_SERVICE_TEMP_PASSWORD',95,NULL,NULL,NULL,NULL,'NA',NULL,'R','Q','N','N',NULL,'Employer Self Service Temp Password',0,1,'cstoner','2014-12-04 16:55:09'),(714,'EMPLOYER_SELF_SERVICE_USER_ID',95,NULL,NULL,NULL,NULL,'NA',NULL,'R','Q','N','N',NULL,'Employer Self Service User ID',0,1,'cstoner','2014-12-04 16:54:12'),(717,'CHILD_SUPPORT_TERMINATION_NOTICE',164,NULL,NULL,NULL,NULL,'NA',NULL,'R','Q','N','N',NULL,'Child Support Termination Notice',1,1,'tdillon','2014-12-04 16:41:31'),(1401,'ELECTRONIC_WR_WAIVER_GRANTED',91,NULL,NULL,NULL,NULL,'Retirement_Benefit_Estimate.jrxml',NULL,'J','Q','Y','Y',NULL,'MAD Pre-Notification Letter',0,0,'tdillon',NULL),(1406,'DENIED EMPLOYER ENROLLMENT APPLICATION',95,NULL,NULL,NULL,NULL,'Tax_Withholding_Form.jrxml',NULL,'J','Q','Y','Y',NULL,'Tax Withholding Form',0,0,'tdillon',NULL),(1407,'MANUAL_WAGE_OR_ERROR_CONFIRMATION',91,NULL,NULL,NULL,NULL,'Individual RPA Form.rtf',NULL,'R','Q','Y','Y',NULL,'Individual RPA Form',0,1,'cstoner','2014-12-04 16:53:17'),(1410,'COMPLIANCE_REVIEW_RESULTS_LETTER',92,NULL,NULL,NULL,NULL,'Request for Outstanding Warrant Action Form.rtf',NULL,'R','Q','Y','Y',NULL,'Request for Outstanding Warrant Action Form',0,1,'tdillon','2014-12-04 17:00:42');
/*!40000 ALTER TABLE `doc_shell` ENABLE KEYS */;
UNLOCK TABLES;

--
-- Table structure for table `mapped_shell_mark`
--

DROP TABLE IF EXISTS `mapped_shell_mark`;
/*!40101 SET @saved_cs_client     = @@character_set_client */;
/*!40101 SET character_set_client = utf8 */;
CREATE TABLE `mapped_shell_mark` (
  `MARK_ID` int(11) NOT NULL,
  `DOC_SHELL_ID` int(11) NOT NULL,
  `CREATED_DATE` datetime NOT NULL,
  `USER_NAME` varchar(20) NOT NULL,
  PRIMARY KEY (`MARK_ID`,`DOC_SHELL_ID`),
  KEY `FK_MAPPED_DOC_SHELL` (`DOC_SHELL_ID`),
  KEY `FK_USER_MAPPEDMARK` (`USER_NAME`),
  CONSTRAINT `FK_MAPPED_DOC_SHELL` FOREIGN KEY (`DOC_SHELL_ID`) REFERENCES `doc_shell` (`DOC_SHELL_ID`) ON DELETE NO ACTION ON UPDATE NO ACTION,
  CONSTRAINT `FK_MAPPED_MARKS` FOREIGN KEY (`MARK_ID`) REFERENCES `doc_bookmark` (`MARK_ID`) ON DELETE NO ACTION ON UPDATE NO ACTION,
  CONSTRAINT `FK_USER_MAPPEDMARK` FOREIGN KEY (`USER_NAME`) REFERENCES `security_user` (`USER_NAME`) ON DELETE NO ACTION ON UPDATE NO ACTION
) ENGINE=InnoDB DEFAULT CHARSET=utf8;
/*!40101 SET character_set_client = @saved_cs_client */;

--
-- Dumping data for table `mapped_shell_mark`
--

LOCK TABLES `mapped_shell_mark` WRITE;
/*!40000 ALTER TABLE `mapped_shell_mark` DISABLE KEYS */;
INSERT INTO `mapped_shell_mark` VALUES (1,1,'2014-11-19 09:19:01','tdillon'),(52,341,'2014-12-04 15:23:04','csevedg'),(52,342,'2014-12-04 16:36:23','csevedg'),(52,344,'2014-12-05 08:39:11','csevedg'),(52,345,'2014-12-05 08:52:31','csevedg'),(52,348,'2014-12-05 10:43:52','csevedg'),(52,350,'2014-12-05 11:38:18','csevedg'),(52,354,'2014-12-05 11:47:02','csevedg'),(52,357,'2014-12-05 12:10:01','csevedg'),(52,358,'2014-12-08 10:57:49','csevedg'),(52,361,'2014-12-08 11:13:23','csevedg'),(52,369,'2014-12-08 11:35:55','csevedg'),(52,370,'2014-12-08 13:58:27','csevedg'),(52,372,'2014-12-08 14:28:49','csevedg'),(52,375,'2014-12-08 14:35:05','csevedg'),(52,377,'2014-12-08 14:49:27','csevedg'),(52,379,'2014-12-08 15:09:21','csevedg'),(52,380,'2014-12-08 15:23:58','csevedg'),(52,383,'2014-12-08 15:42:24','csevedg'),(52,384,'2014-12-08 15:49:21','csevedg'),(52,389,'2014-12-08 16:29:40','csevedg'),(52,396,'2014-12-08 16:45:33','csevedg'),(52,397,'2014-12-08 16:48:19','csevedg'),(52,401,'2014-12-08 16:06:49','cstoner'),(52,405,'2014-12-08 16:25:23','cstoner'),(52,406,'2014-12-08 16:30:06','cstoner'),(52,407,'2014-12-08 16:44:59','cstoner'),(52,410,'2014-12-08 16:55:00','cstoner'),(52,431,'2014-12-22 09:02:32','cstoner'),(52,516,'2014-12-10 15:07:36','csevedg'),(52,517,'2014-12-10 15:19:42','csevedg'),(52,518,'2014-12-10 16:00:45','csevedg'),(52,526,'2014-12-11 09:25:30','csevedg'),(52,542,'2014-12-11 11:54:38','csevedg'),(52,545,'2014-12-11 16:13:38','csevedg'),(52,547,'2014-12-12 13:59:13','csevedg'),(52,551,'2014-12-11 16:46:36','csevedg'),(52,560,'2014-12-12 16:33:19','csevedg'),(52,568,'2014-12-12 16:43:06','csevedg'),(52,572,'2014-12-15 08:53:28','csevedg'),(52,602,'2014-12-29 11:57:00','csevedg'),(52,611,'2014-12-29 14:00:25','csevedg'),(52,617,'2014-12-29 14:31:41','csevedg'),(52,618,'2014-12-29 14:36:30','csevedg'),(52,619,'2014-12-29 14:41:42','csevedg'),(52,620,'2014-12-29 14:47:35','csevedg'),(52,621,'2014-12-29 14:53:18','csevedg'),(52,622,'2014-12-29 14:58:07','csevedg'),(52,623,'2014-12-29 15:13:54','csevedg'),(52,624,'2014-12-29 15:17:00','csevedg'),(52,625,'2014-12-29 15:21:41','csevedg'),(52,626,'2014-12-29 15:29:16','csevedg'),(52,627,'2014-12-29 15:42:00','csevedg'),(52,631,'2014-12-29 16:14:38','csevedg'),(52,632,'2014-12-30 10:54:43','csevedg'),(52,633,'2014-12-30 11:13:17','csevedg'),(52,634,'2014-12-30 11:18:51','csevedg'),(52,637,'2014-12-30 11:27:38','csevedg'),(52,638,'2014-12-30 11:45:47','csevedg'),(52,640,'2014-12-30 11:51:34','csevedg'),(52,641,'2014-12-30 11:56:34','csevedg'),(52,642,'2014-12-30 12:04:42','csevedg'),(52,643,'2014-12-30 12:09:36','csevedg'),(52,644,'2014-12-30 12:15:32','csevedg'),(52,646,'2014-12-30 12:20:35','csevedg'),(52,647,'2014-12-30 12:25:18','csevedg'),(52,648,'2014-12-30 13:25:11','csevedg'),(52,649,'2014-12-30 13:30:50','csevedg'),(52,650,'2014-12-30 13:38:01','csevedg'),(52,651,'2014-12-30 13:54:25','csevedg'),(52,652,'2014-12-29 10:36:15','cstoner'),(52,655,'2014-12-29 11:22:58','cstoner'),(52,656,'2014-12-31 06:50:24','cstoner'),(52,657,'2014-12-31 07:02:08','cstoner'),(52,658,'2014-12-31 07:04:06','cstoner'),(52,659,'2014-12-31 07:14:52','cstoner'),(52,660,'2014-12-31 07:17:52','cstoner'),(52,661,'2014-12-31 07:19:18','cstoner'),(52,662,'2014-12-31 16:58:19','cstoner'),(52,663,'2014-12-31 17:04:43','cstoner'),(52,664,'2014-12-31 17:08:14','cstoner'),(52,665,'2014-12-31 17:15:43','cstoner'),(52,668,'2015-01-05 11:27:04','cstoner'),(52,669,'2015-01-05 11:32:13','cstoner'),(52,670,'2015-01-05 11:40:29','cstoner'),(52,671,'2015-01-05 11:44:24','cstoner'),(52,673,'2015-01-05 15:26:05','cstoner'),(52,675,'2015-01-05 15:40:36','cstoner'),(52,677,'2014-12-31 09:12:36','csevedg'),(52,680,'2014-12-31 09:22:11','csevedg'),(52,681,'2014-12-31 09:26:22','csevedg'),(52,684,'2014-12-31 10:01:32','csevedg'),(52,685,'2014-12-31 10:11:51','csevedg'),(52,688,'2014-12-31 10:17:11','csevedg'),(52,689,'2014-12-31 10:22:38','csevedg'),(52,691,'2014-12-31 11:17:32','csevedg'),(52,692,'2014-12-31 11:24:00','csevedg'),(52,693,'2014-12-31 11:29:05','csevedg'),(52,695,'2014-12-31 11:43:48','csevedg'),(53,341,'2014-12-04 10:43:31','csevedg'),(53,342,'2014-12-04 16:32:19','csevedg'),(53,344,'2014-12-05 08:34:31','csevedg'),(53,345,'2014-12-05 08:47:20','csevedg'),(53,348,'2014-12-05 10:38:38','csevedg'),(53,349,'2014-12-05 11:03:53','csevedg'),(53,350,'2014-12-05 11:29:19','csevedg'),(53,356,'2014-12-05 12:00:29','csevedg'),(53,358,'2014-12-08 10:57:25','csevedg'),(53,361,'2014-12-08 11:10:19','csevedg'),(53,369,'2014-12-08 11:18:12','csevedg'),(53,370,'2014-12-08 13:55:44','csevedg'),(53,372,'2014-12-08 14:25:35','csevedg'),(53,375,'2014-12-08 14:30:36','csevedg'),(53,377,'2014-12-08 14:46:51','csevedg'),(53,379,'2014-12-08 15:05:27','csevedg'),(53,380,'2014-12-08 15:17:00','csevedg'),(53,381,'2014-12-08 15:27:49','csevedg'),(53,385,'2014-12-08 15:54:45','csevedg'),(53,390,'2014-12-08 16:36:53','csevedg'),(53,396,'2014-12-08 16:43:57','csevedg'),(53,397,'2014-12-08 16:47:47','csevedg'),(53,410,'2014-12-08 16:49:25','cstoner'),(53,431,'2014-12-22 09:04:23','cstoner'),(53,434,'2014-12-22 09:37:48','cstoner'),(53,446,'2014-12-22 09:54:32','cstoner'),(53,459,'2014-12-22 10:48:36','cstoner'),(53,485,'2014-12-23 09:06:06','cstoner'),(53,492,'2014-12-23 09:12:12','cstoner'),(53,503,'2014-12-10 10:29:27','csevedg'),(53,510,'2014-12-10 13:05:09','csevedg'),(53,517,'2014-12-10 15:16:14','csevedg'),(53,520,'2014-12-10 16:08:38','csevedg'),(53,529,'2014-12-11 10:45:05','csevedg'),(53,532,'2014-12-11 11:06:47','csevedg'),(53,542,'2014-12-11 11:53:14','csevedg'),(53,545,'2014-12-11 12:37:53','csevedg'),(53,546,'2014-12-11 15:29:32','csevedg'),(53,547,'2014-12-12 11:02:42','csevedg'),(53,550,'2014-12-11 16:39:17','csevedg'),(53,551,'2014-12-11 16:46:18','csevedg'),(53,560,'2014-12-12 16:04:12','csevedg'),(53,568,'2014-12-12 16:41:07','csevedg'),(53,569,'2014-12-12 16:53:17','csevedg'),(53,572,'2014-12-15 08:51:38','csevedg'),(53,584,'2014-12-15 09:18:24','csevedg'),(53,585,'2014-12-15 09:26:19','csevedg'),(53,586,'2014-12-15 09:42:18','csevedg'),(53,587,'2014-12-15 09:55:48','csevedg'),(53,589,'2014-12-15 11:33:03','csevedg'),(53,601,'2014-12-29 10:29:26','csevedg'),(53,602,'2014-12-29 11:51:40','csevedg'),(53,605,'2014-12-29 12:15:33','csevedg'),(53,606,'2014-12-29 13:19:18','csevedg'),(53,607,'2014-12-29 13:25:15','csevedg'),(53,609,'2014-12-29 13:37:00','csevedg'),(53,611,'2014-12-29 13:56:34','csevedg'),(53,614,'2014-12-29 14:13:37','csevedg'),(53,616,'2014-12-29 14:24:47','csevedg'),(53,617,'2014-12-29 14:30:29','csevedg'),(53,618,'2014-12-29 14:35:36','csevedg'),(53,619,'2014-12-29 14:39:39','csevedg'),(53,620,'2014-12-29 14:45:52','csevedg'),(53,621,'2014-12-29 14:52:20','csevedg'),(53,622,'2014-12-29 14:56:20','csevedg'),(53,623,'2014-12-29 15:12:00','csevedg'),(53,624,'2014-12-29 15:16:04','csevedg'),(53,625,'2014-12-29 15:20:05','csevedg'),(53,626,'2014-12-29 15:24:54','csevedg'),(53,627,'2014-12-29 15:38:26','csevedg'),(53,629,'2014-12-29 15:53:22','csevedg'),(53,631,'2014-12-29 16:02:15','csevedg'),(53,632,'2014-12-30 10:52:49','csevedg'),(53,633,'2014-12-30 11:10:59','csevedg'),(53,634,'2014-12-30 11:18:17','csevedg'),(53,637,'2014-12-30 11:24:03','csevedg'),(53,638,'2014-12-30 11:44:30','csevedg'),(53,640,'2014-12-30 11:49:40','csevedg'),(53,641,'2014-12-30 11:55:05','csevedg'),(53,642,'2014-12-30 11:59:06','csevedg'),(53,643,'2014-12-30 12:08:14','csevedg'),(53,644,'2014-12-30 12:14:30','csevedg'),(53,646,'2014-12-30 12:18:03','csevedg'),(53,647,'2014-12-30 12:24:25','csevedg'),(53,648,'2014-12-30 13:24:18','csevedg'),(53,649,'2014-12-30 13:30:27','csevedg'),(53,650,'2014-12-30 13:36:00','csevedg'),(53,651,'2014-12-30 13:49:58','csevedg'),(53,652,'2014-12-29 10:32:00','cstoner'),(53,653,'2014-12-29 10:41:25','cstoner'),(53,654,'2014-12-29 10:52:44','cstoner'),(53,655,'2014-12-29 11:20:19','cstoner'),(53,656,'2014-12-31 06:47:14','cstoner'),(53,657,'2014-12-31 06:59:34','cstoner'),(53,658,'2014-12-31 07:03:56','cstoner'),(53,659,'2014-12-31 07:11:20','cstoner'),(53,660,'2014-12-31 07:18:07','cstoner'),(53,661,'2014-12-31 07:19:21','cstoner'),(53,662,'2014-12-31 16:58:48','cstoner'),(53,663,'2014-12-31 17:02:59','cstoner'),(53,664,'2014-12-31 17:06:25','cstoner'),(53,665,'2014-12-31 17:12:19','cstoner'),(53,666,'2014-12-31 17:19:05','cstoner'),(53,667,'2015-01-05 11:15:25','cstoner'),(53,668,'2015-01-05 11:24:06','cstoner'),(53,669,'2015-01-05 11:28:24','cstoner'),(53,670,'2015-01-05 11:37:24','cstoner'),(53,671,'2015-01-05 11:42:20','cstoner'),(53,672,'2015-01-05 11:56:43','cstoner'),(53,673,'2015-01-05 15:24:33','cstoner'),(53,674,'2015-01-05 15:28:43','cstoner'),(53,675,'2015-01-05 15:39:18','cstoner'),(53,677,'2014-12-31 09:11:30','csevedg'),(53,680,'2014-12-31 09:21:07','csevedg'),(53,681,'2014-12-31 09:25:04','csevedg'),(53,682,'2014-12-31 09:29:19','csevedg'),(53,683,'2014-12-31 09:46:44','csevedg'),(53,684,'2014-12-31 09:58:56','csevedg'),(53,685,'2014-12-31 10:11:36','csevedg'),(53,688,'2014-12-31 10:17:20','csevedg'),(53,689,'2014-12-31 10:22:51','csevedg'),(53,691,'2014-12-31 10:41:54','csevedg'),(53,692,'2014-12-31 11:23:02','csevedg'),(53,693,'2014-12-31 11:27:26','csevedg'),(53,700,'2014-12-04 08:33:12','cstoner'),(53,701,'2014-12-04 08:51:01','cstoner'),(53,713,'2014-12-04 16:34:50','cstoner'),(54,379,'2014-12-08 15:10:32','csevedg'),(54,380,'2014-12-08 15:22:36','csevedg'),(54,381,'2014-12-08 15:30:47','csevedg'),(54,390,'2014-12-08 16:40:32','csevedg'),(54,397,'2014-12-08 16:48:03','csevedg'),(54,434,'2014-12-22 09:40:29','cstoner'),(54,485,'2014-12-23 09:07:41','cstoner'),(54,554,'2014-12-12 14:03:21','csevedg'),(54,602,'2014-12-29 12:07:06','csevedg'),(54,640,'2014-12-30 11:50:44','csevedg'),(54,641,'2014-12-30 11:55:35','csevedg'),(54,643,'2014-12-30 12:09:04','csevedg'),(54,654,'2014-12-29 10:55:49','cstoner'),(54,665,'2014-12-31 17:14:11','cstoner'),(54,666,'2014-12-31 17:20:49','cstoner'),(54,667,'2015-01-05 11:17:24','cstoner'),(54,668,'2015-01-05 11:26:05','cstoner'),(54,669,'2015-01-05 11:30:29','cstoner'),(54,670,'2015-01-05 11:39:45','cstoner'),(54,672,'2015-01-05 11:53:47','cstoner'),(54,682,'2014-12-31 09:29:49','csevedg'),(54,683,'2014-12-31 09:47:44','csevedg'),(54,689,'2014-12-31 10:22:09','csevedg'),(57,341,'2014-12-04 10:55:26','csevedg'),(57,342,'2014-12-04 16:23:48','csevedg'),(57,350,'2014-12-05 11:30:13','csevedg'),(57,372,'2014-12-08 14:28:31','csevedg'),(57,379,'2014-12-08 15:14:01','csevedg'),(57,380,'2014-12-08 15:25:58','csevedg'),(57,381,'2014-12-08 15:32:17','csevedg'),(57,385,'2014-12-08 15:57:55','csevedg'),(57,390,'2014-12-08 16:39:39','csevedg'),(57,396,'2014-12-08 16:44:34','csevedg'),(57,397,'2014-12-08 16:48:51','csevedg'),(57,431,'2014-12-22 09:01:41','cstoner'),(57,485,'2014-12-23 09:06:54','cstoner'),(57,492,'2014-12-23 09:14:40','cstoner'),(57,503,'2014-12-10 10:31:40','csevedg'),(57,504,'2014-12-10 10:38:44','csevedg'),(57,510,'2014-12-10 13:05:34','csevedg'),(57,517,'2014-12-10 15:16:36','csevedg'),(57,520,'2014-12-10 16:08:50','csevedg'),(57,529,'2014-12-11 10:51:40','csevedg'),(57,542,'2014-12-11 11:53:50','csevedg'),(57,550,'2014-12-11 16:40:22','csevedg'),(57,551,'2014-12-11 16:46:06','csevedg'),(57,554,'2014-12-12 14:02:59','csevedg'),(57,560,'2014-12-12 16:04:19','csevedg'),(57,568,'2014-12-12 16:41:17','csevedg'),(57,569,'2014-12-12 16:52:58','csevedg'),(57,587,'2014-12-15 11:09:18','csevedg'),(57,602,'2014-12-29 11:51:49','csevedg'),(57,605,'2014-12-29 12:16:25','csevedg'),(57,606,'2014-12-29 13:19:27','csevedg'),(57,607,'2014-12-29 13:25:43','csevedg'),(57,609,'2014-12-29 13:37:04','csevedg'),(57,611,'2014-12-29 14:03:24','csevedg'),(57,614,'2014-12-29 14:13:42','csevedg'),(57,615,'2014-12-29 14:20:11','csevedg'),(57,616,'2014-12-29 14:24:52','csevedg'),(57,622,'2014-12-29 14:56:25','csevedg'),(57,625,'2014-12-29 15:20:30','csevedg'),(57,627,'2014-12-29 15:39:19','csevedg'),(57,629,'2014-12-29 15:53:26','csevedg'),(57,631,'2014-12-29 16:42:09','csevedg'),(57,632,'2014-12-30 10:53:01','csevedg'),(57,633,'2014-12-30 11:12:08','csevedg'),(57,634,'2014-12-30 11:18:39','csevedg'),(57,638,'2014-12-30 11:45:29','csevedg'),(57,641,'2014-12-30 11:55:16','csevedg'),(57,642,'2014-12-30 11:59:59','csevedg'),(57,643,'2014-12-30 12:08:28','csevedg'),(57,644,'2014-12-30 12:15:20','csevedg'),(57,648,'2014-12-30 13:25:01','csevedg'),(57,649,'2014-12-30 13:30:15','csevedg'),(57,650,'2014-12-30 13:36:06','csevedg'),(57,651,'2014-12-30 13:53:51','csevedg'),(57,652,'2014-12-29 10:32:57','cstoner'),(57,654,'2014-12-29 10:56:56','cstoner'),(57,655,'2014-12-29 11:21:17','cstoner'),(57,659,'2014-12-31 07:13:50','cstoner'),(57,661,'2014-12-31 07:20:58','cstoner'),(57,662,'2014-12-31 17:00:58','cstoner'),(57,663,'2014-12-31 17:03:39','cstoner'),(57,664,'2014-12-31 17:07:46','cstoner'),(57,665,'2014-12-31 17:14:52','cstoner'),(57,666,'2014-12-31 17:21:21','cstoner'),(57,667,'2015-01-05 11:18:04','cstoner'),(57,668,'2015-01-05 11:26:40','cstoner'),(57,669,'2015-01-05 11:31:57','cstoner'),(57,670,'2015-01-05 11:37:55','cstoner'),(57,671,'2015-01-05 11:43:49','cstoner'),(57,677,'2014-12-31 09:12:12','csevedg'),(57,680,'2014-12-31 09:21:54','csevedg'),(57,681,'2014-12-31 09:25:35','csevedg'),(57,682,'2014-12-31 09:29:27','csevedg'),(57,683,'2014-12-31 09:46:51','csevedg'),(57,685,'2014-12-31 10:11:05','csevedg'),(57,688,'2014-12-31 10:16:59','csevedg'),(57,689,'2014-12-31 10:21:34','csevedg'),(57,692,'2014-12-31 11:23:09','csevedg'),(57,693,'2014-12-31 11:27:38','csevedg'),(57,701,'2014-12-04 08:52:47','cstoner'),(57,710,'2014-12-04 16:30:49','cstoner'),(61,344,'2014-12-05 08:34:57','csevedg'),(61,348,'2014-12-05 10:39:02','csevedg'),(61,354,'2014-12-05 11:44:12','csevedg'),(61,356,'2014-12-05 11:58:36','csevedg'),(61,357,'2014-12-05 12:08:31','csevedg'),(61,361,'2014-12-08 11:10:52','csevedg'),(61,369,'2014-12-08 11:18:42','csevedg'),(61,370,'2014-12-08 13:56:04','csevedg'),(61,375,'2014-12-09 11:32:39','csevedg'),(61,377,'2014-12-08 14:47:39','csevedg'),(61,384,'2014-12-08 15:51:06','csevedg'),(61,389,'2014-12-08 16:28:17','csevedg'),(61,401,'2014-12-08 16:04:03','cstoner'),(61,405,'2014-12-08 16:22:27','cstoner'),(61,406,'2014-12-08 16:28:04','cstoner'),(61,407,'2014-12-08 16:42:44','cstoner'),(61,410,'2014-12-08 16:49:42','cstoner'),(61,713,'2014-12-04 16:35:47','cstoner'),(61,714,'2014-12-04 16:39:37','cstoner'),(74,354,'2014-12-05 11:43:40','csevedg'),(74,357,'2014-12-05 12:07:59','csevedg'),(74,383,'2014-12-08 15:37:50','csevedg'),(74,384,'2014-12-08 15:47:13','csevedg'),(74,389,'2014-12-08 16:27:40','csevedg'),(74,401,'2014-12-08 16:03:33','cstoner'),(74,405,'2014-12-08 16:21:53','cstoner'),(74,406,'2014-12-08 16:27:40','cstoner'),(74,407,'2014-12-08 16:42:20','cstoner'),(74,695,'2014-12-31 11:42:20','csevedg'),(74,714,'2014-12-04 16:38:41','cstoner'),(76,344,'2014-12-05 08:37:12','csevedg'),(76,348,'2014-12-05 10:40:10','csevedg'),(76,354,'2014-12-05 11:45:36','csevedg'),(76,356,'2014-12-05 11:59:37','csevedg'),(76,358,'2014-12-08 10:56:24','csevedg'),(76,361,'2014-12-08 11:11:43','csevedg'),(76,369,'2014-12-08 11:34:51','csevedg'),(76,370,'2014-12-08 13:57:12','csevedg'),(76,375,'2014-12-08 14:34:11','csevedg'),(76,377,'2014-12-08 14:47:24','csevedg'),(76,383,'2014-12-08 15:39:14','csevedg'),(76,384,'2014-12-08 15:48:55','csevedg'),(76,389,'2014-12-08 16:31:23','csevedg'),(76,401,'2014-12-08 16:04:52','cstoner'),(76,405,'2014-12-08 16:23:28','cstoner'),(76,406,'2014-12-08 16:29:08','cstoner'),(76,407,'2014-12-08 16:44:11','cstoner'),(76,410,'2014-12-08 16:50:23','cstoner'),(77,410,'2014-12-08 16:51:26','cstoner'),(81,628,'2014-12-29 15:47:40','csevedg'),(85,342,'2014-12-04 16:24:49','csevedg'),(85,379,'2014-12-08 15:08:48','csevedg'),(85,380,'2014-12-08 15:21:13','csevedg'),(85,381,'2014-12-08 15:30:12','csevedg'),(85,390,'2014-12-08 16:39:09','csevedg'),(85,397,'2014-12-08 16:50:02','csevedg'),(85,434,'2014-12-22 09:39:33','cstoner'),(85,617,'2014-12-29 14:31:21','csevedg'),(85,640,'2014-12-30 11:50:03','csevedg'),(85,641,'2014-12-30 11:55:44','csevedg'),(85,643,'2014-12-30 12:08:38','csevedg'),(85,650,'2014-12-30 13:36:55','csevedg'),(85,654,'2014-12-29 10:54:19','cstoner'),(85,656,'2014-12-31 06:48:57','cstoner'),(85,665,'2014-12-31 17:13:31','cstoner'),(85,666,'2014-12-31 17:19:59','cstoner'),(85,667,'2015-01-05 11:16:44','cstoner'),(85,669,'2015-01-05 11:29:48','cstoner'),(85,670,'2015-01-05 11:39:01','cstoner'),(85,672,'2015-01-05 11:53:36','cstoner'),(85,673,'2015-01-05 15:25:48','cstoner'),(85,682,'2014-12-31 09:29:57','csevedg'),(85,683,'2014-12-31 09:47:11','csevedg'),(85,689,'2014-12-31 10:21:47','csevedg'),(87,342,'2014-12-04 16:32:09','csevedg'),(87,683,'2014-12-31 09:47:03','csevedg'),(88,341,'2014-12-04 12:23:08','csevedg'),(88,372,'2014-12-08 14:26:19','csevedg'),(88,379,'2014-12-08 15:07:54','csevedg'),(88,380,'2014-12-08 15:20:40','csevedg'),(88,381,'2014-12-08 15:29:12','csevedg'),(88,390,'2014-12-08 16:38:48','csevedg'),(88,396,'2014-12-08 16:44:24','csevedg'),(88,397,'2014-12-08 16:49:44','csevedg'),(88,434,'2014-12-22 09:38:33','cstoner'),(88,504,'2014-12-10 10:38:35','csevedg'),(88,510,'2014-12-10 13:05:53','csevedg'),(88,516,'2014-12-10 14:29:30','csevedg'),(88,526,'2014-12-11 09:00:27','csevedg'),(88,550,'2014-12-11 16:40:00','csevedg'),(88,560,'2014-12-12 16:05:18','csevedg'),(88,572,'2014-12-15 08:51:52','csevedg'),(88,584,'2014-12-15 09:19:58','csevedg'),(88,585,'2014-12-15 09:26:43','csevedg'),(88,601,'2014-12-29 10:49:44','csevedg'),(88,602,'2014-12-29 11:53:32','csevedg'),(88,607,'2014-12-29 13:26:31','csevedg'),(88,611,'2014-12-29 14:04:38','csevedg'),(88,617,'2014-12-29 14:31:01','csevedg'),(88,618,'2014-12-29 14:36:06','csevedg'),(88,619,'2014-12-29 14:40:10','csevedg'),(88,621,'2014-12-29 14:52:32','csevedg'),(88,624,'2014-12-29 15:16:44','csevedg'),(88,625,'2014-12-29 15:20:16','csevedg'),(88,627,'2014-12-29 15:40:39','csevedg'),(88,629,'2014-12-29 15:53:38','csevedg'),(88,632,'2014-12-30 10:53:23','csevedg'),(88,633,'2014-12-30 11:14:49','csevedg'),(88,637,'2014-12-30 11:26:55','csevedg'),(88,640,'2014-12-30 11:49:50','csevedg'),(88,641,'2014-12-30 11:55:24','csevedg'),(88,642,'2014-12-30 11:59:44','csevedg'),(88,643,'2014-12-30 12:08:46','csevedg'),(88,644,'2014-12-30 12:15:04','csevedg'),(88,646,'2014-12-30 12:18:36','csevedg'),(88,647,'2014-12-30 12:24:53','csevedg'),(88,648,'2014-12-30 13:24:45','csevedg'),(88,649,'2014-12-30 13:29:54','csevedg'),(88,650,'2014-12-30 13:36:40','csevedg'),(88,651,'2014-12-30 13:54:02','csevedg'),(88,653,'2014-12-29 10:42:28','cstoner'),(88,654,'2014-12-29 10:53:28','cstoner'),(88,656,'2014-12-31 06:48:12','cstoner'),(88,657,'2014-12-31 07:00:54','cstoner'),(88,658,'2014-12-31 07:05:30','cstoner'),(88,659,'2014-12-31 07:12:35','cstoner'),(88,660,'2014-12-31 07:17:17','cstoner'),(88,661,'2014-12-31 07:21:42','cstoner'),(88,662,'2014-12-31 16:59:50','cstoner'),(88,663,'2014-12-31 17:04:11','cstoner'),(88,665,'2014-12-31 17:12:54','cstoner'),(88,666,'2014-12-31 17:19:31','cstoner'),(88,667,'2015-01-05 11:16:02','cstoner'),(88,668,'2015-01-05 11:24:49','cstoner'),(88,669,'2015-01-05 11:29:04','cstoner'),(88,670,'2015-01-05 11:38:23','cstoner'),(88,671,'2015-01-05 11:43:41','cstoner'),(88,672,'2015-01-05 11:53:10','cstoner'),(88,673,'2015-01-05 15:25:20','cstoner'),(88,675,'2015-01-05 15:40:24','cstoner'),(88,677,'2014-12-31 09:11:56','csevedg'),(88,680,'2014-12-31 09:21:20','csevedg'),(88,681,'2014-12-31 09:25:44','csevedg'),(88,682,'2014-12-31 09:29:35','csevedg'),(88,684,'2014-12-31 10:00:04','csevedg'),(88,685,'2014-12-31 10:11:21','csevedg'),(88,688,'2014-12-31 10:16:38','csevedg'),(88,689,'2014-12-31 10:21:57','csevedg'),(88,691,'2014-12-31 10:42:10','csevedg'),(88,693,'2014-12-31 11:28:05','csevedg'),(88,700,'2014-12-04 08:34:58','cstoner'),(92,380,'2014-12-08 15:19:49','csevedg'),(92,446,'2014-12-22 09:55:23','cstoner'),(92,492,'2014-12-23 09:13:32','cstoner'),(92,503,'2014-12-10 10:31:04','csevedg'),(92,529,'2014-12-11 10:46:18','csevedg'),(93,446,'2014-12-22 09:56:07','cstoner'),(93,504,'2014-12-10 10:39:58','csevedg'),(93,529,'2014-12-11 10:47:07','csevedg'),(93,572,'2014-12-15 08:52:19','csevedg'),(93,668,'2015-01-05 11:25:23','cstoner'),(99,653,'2014-12-29 10:43:38','cstoner'),(104,375,'2014-12-08 14:34:46','csevedg'),(105,344,'2014-12-05 08:35:38','csevedg'),(105,348,'2014-12-05 10:39:45','csevedg'),(105,349,'2014-12-05 11:07:52','csevedg'),(105,354,'2014-12-05 11:45:11','csevedg'),(105,358,'2014-12-08 10:56:01','csevedg'),(105,361,'2014-12-08 11:11:16','csevedg'),(105,369,'2014-12-08 11:34:30','csevedg'),(105,370,'2014-12-08 13:56:29','csevedg'),(105,375,'2014-12-08 14:33:50','csevedg'),(105,377,'2014-12-08 14:48:08','csevedg'),(105,383,'2014-12-08 15:40:41','csevedg'),(105,384,'2014-12-08 15:48:21','csevedg'),(105,389,'2014-12-08 16:28:54','csevedg'),(105,401,'2014-12-08 16:04:28','cstoner'),(105,405,'2014-12-08 16:23:02','cstoner'),(105,406,'2014-12-08 16:28:42','cstoner'),(105,407,'2014-12-08 16:43:20','cstoner'),(105,410,'2014-12-08 16:50:08','cstoner'),(105,713,'2014-12-04 16:35:23','cstoner'),(105,714,'2014-12-04 16:39:16','cstoner'),(106,344,'2014-12-05 08:37:40','csevedg'),(106,348,'2014-12-05 10:40:49','csevedg'),(106,354,'2014-12-05 11:46:08','csevedg'),(106,358,'2014-12-08 10:56:59','csevedg'),(106,361,'2014-12-08 11:12:16','csevedg'),(106,369,'2014-12-08 11:35:08','csevedg'),(106,370,'2014-12-08 13:57:32','csevedg'),(106,375,'2014-12-08 14:32:56','csevedg'),(106,377,'2014-12-08 14:48:41','csevedg'),(106,383,'2014-12-08 15:40:18','csevedg'),(106,384,'2014-12-08 15:48:05','csevedg'),(106,389,'2014-12-08 16:29:22','csevedg'),(106,401,'2014-12-08 16:05:09','cstoner'),(106,405,'2014-12-08 16:23:54','cstoner'),(106,406,'2014-12-08 16:29:34','cstoner'),(106,407,'2014-12-08 16:44:29','cstoner'),(106,410,'2014-12-08 16:50:44','cstoner'),(106,713,'2014-12-04 16:36:18','cstoner'),(106,714,'2014-12-04 16:39:57','cstoner'),(107,349,'2014-12-05 11:08:27','csevedg'),(107,695,'2014-12-31 11:43:21','csevedg'),(108,349,'2014-12-05 11:05:07','csevedg'),(108,357,'2014-12-05 12:08:53','csevedg'),(108,358,'2014-12-08 10:47:33','csevedg'),(108,383,'2014-12-08 15:38:52','csevedg'),(108,401,'2014-12-08 16:07:25','cstoner'),(108,532,'2014-12-11 11:07:06','csevedg'),(108,695,'2014-12-31 11:43:03','csevedg'),(109,348,'2014-12-05 10:42:13','csevedg'),(120,344,'2014-12-05 08:38:40','csevedg'),(120,348,'2014-12-05 10:41:30','csevedg'),(120,349,'2014-12-05 11:08:58','csevedg'),(120,354,'2014-12-05 11:44:43','csevedg'),(120,361,'2014-12-08 11:12:56','csevedg'),(120,369,'2014-12-08 11:35:34','csevedg'),(120,370,'2014-12-08 13:58:01','csevedg'),(120,377,'2014-12-08 14:49:09','csevedg'),(120,383,'2014-12-08 15:39:52','csevedg'),(120,384,'2014-12-08 15:47:48','csevedg'),(120,389,'2014-12-08 16:28:43','csevedg'),(120,401,'2014-12-08 16:05:46','cstoner'),(120,405,'2014-12-08 16:24:22','cstoner'),(120,406,'2014-12-08 16:28:26','cstoner'),(120,407,'2014-12-08 16:43:06','cstoner'),(120,410,'2014-12-08 16:51:05','cstoner'),(121,341,'2014-12-04 10:57:17','csevedg'),(121,342,'2014-12-04 16:34:22','csevedg'),(121,345,'2014-12-05 08:48:50','csevedg'),(121,350,'2014-12-05 11:34:29','csevedg'),(121,372,'2014-12-08 14:27:25','csevedg'),(121,379,'2014-12-08 15:06:49','csevedg'),(121,380,'2014-12-08 15:18:08','csevedg'),(121,390,'2014-12-08 16:38:06','csevedg'),(121,396,'2014-12-08 16:45:21','csevedg'),(121,446,'2014-12-22 09:58:51','cstoner'),(121,504,'2014-12-10 10:42:04','csevedg'),(121,529,'2014-12-11 10:47:37','csevedg'),(121,619,'2014-12-29 14:40:53','csevedg'),(121,620,'2014-12-29 14:47:21','csevedg'),(121,623,'2014-12-29 15:13:35','csevedg'),(121,625,'2014-12-29 15:20:52','csevedg'),(121,637,'2014-12-30 11:27:22','csevedg'),(121,640,'2014-12-30 11:51:21','csevedg'),(121,641,'2014-12-30 11:56:18','csevedg'),(121,643,'2014-12-30 12:09:25','csevedg'),(121,650,'2014-12-30 13:37:18','csevedg'),(121,657,'2014-12-31 07:01:49','cstoner'),(121,665,'2014-12-31 17:15:18','cstoner'),(121,670,'2015-01-05 11:40:13','cstoner'),(121,680,'2014-12-31 09:21:45','csevedg'),(121,681,'2014-12-31 09:25:58','csevedg'),(131,357,'2014-12-05 12:09:22','csevedg'),(134,383,'2014-12-08 15:41:19','csevedg'),(135,383,'2014-12-08 15:41:37','csevedg'),(137,345,'2014-12-05 10:20:11','csevedg'),(138,356,'2014-12-05 11:58:10','csevedg'),(157,380,'2014-12-08 15:23:50','csevedg'),(157,569,'2014-12-12 16:53:09','csevedg'),(157,584,'2014-12-15 09:22:11','csevedg'),(157,585,'2014-12-15 09:28:21','csevedg'),(157,586,'2014-12-15 09:47:57','csevedg'),(157,587,'2014-12-15 11:19:13','csevedg'),(157,601,'2014-12-29 11:26:58','csevedg'),(157,607,'2014-12-29 13:27:40','csevedg'),(157,609,'2014-12-29 13:41:18','csevedg'),(157,614,'2014-12-29 14:15:57','csevedg'),(157,629,'2014-12-29 15:54:39','csevedg'),(157,674,'2015-01-05 15:30:47','cstoner'),(157,700,'2014-12-04 08:35:30','cstoner'),(157,701,'2014-12-04 09:20:22','cstoner'),(159,341,'2014-12-04 15:23:35','csevedg'),(159,342,'2014-12-04 16:35:18','csevedg'),(159,344,'2014-12-05 08:39:00','csevedg'),(159,345,'2014-12-05 08:52:39','csevedg'),(159,348,'2014-12-05 10:43:39','csevedg'),(159,350,'2014-12-05 11:36:30','csevedg'),(159,354,'2014-12-05 11:46:34','csevedg'),(159,357,'2014-12-05 12:09:55','csevedg'),(159,358,'2014-12-08 10:57:35','csevedg'),(159,361,'2014-12-08 11:13:10','csevedg'),(159,369,'2014-12-08 11:35:47','csevedg'),(159,370,'2014-12-08 13:58:13','csevedg'),(159,372,'2014-12-08 14:28:43','csevedg'),(159,375,'2014-12-08 14:35:00','csevedg'),(159,377,'2014-12-08 14:49:22','csevedg'),(159,379,'2014-12-08 15:09:13','csevedg'),(159,380,'2014-12-08 15:23:42','csevedg'),(159,383,'2014-12-08 15:42:08','csevedg'),(159,384,'2014-12-08 15:49:16','csevedg'),(159,389,'2014-12-08 16:29:36','csevedg'),(159,396,'2014-12-08 16:45:28','csevedg'),(159,397,'2014-12-08 16:48:39','csevedg'),(159,401,'2014-12-08 16:06:41','cstoner'),(159,405,'2014-12-08 16:25:30','cstoner'),(159,406,'2014-12-08 16:30:02','cstoner'),(159,407,'2014-12-08 16:44:52','cstoner'),(159,431,'2014-12-22 09:05:13','cstoner'),(159,516,'2014-12-10 15:07:57','csevedg'),(159,517,'2014-12-10 15:19:50','csevedg'),(159,518,'2014-12-10 16:00:54','csevedg'),(159,526,'2014-12-11 09:25:23','csevedg'),(159,542,'2014-12-11 11:54:34','csevedg'),(159,545,'2014-12-11 16:13:43','csevedg'),(159,547,'2014-12-12 13:59:07','csevedg'),(159,551,'2014-12-11 16:46:26','csevedg'),(159,560,'2014-12-12 16:33:15','csevedg'),(159,568,'2014-12-12 16:43:00','csevedg'),(159,569,'2014-12-12 16:53:55','csevedg'),(159,572,'2014-12-15 08:53:21','csevedg'),(159,584,'2014-12-15 09:21:46','csevedg'),(159,585,'2014-12-15 09:28:28','csevedg'),(159,587,'2014-12-15 11:19:07','csevedg'),(159,601,'2014-12-29 11:26:48','csevedg'),(159,602,'2014-12-29 11:57:36','csevedg'),(159,605,'2014-12-29 12:17:45','csevedg'),(159,607,'2014-12-29 13:27:28','csevedg'),(159,609,'2014-12-29 13:41:14','csevedg'),(159,611,'2014-12-29 14:00:20','csevedg'),(159,614,'2014-12-29 14:15:53','csevedg'),(159,617,'2014-12-29 14:31:37','csevedg'),(159,618,'2014-12-29 14:36:25','csevedg'),(159,619,'2014-12-29 14:41:39','csevedg'),(159,620,'2014-12-29 14:47:31','csevedg'),(159,621,'2014-12-29 14:53:13','csevedg'),(159,622,'2014-12-29 14:58:02','csevedg'),(159,623,'2014-12-29 15:13:48','csevedg'),(159,624,'2014-12-29 15:16:56','csevedg'),(159,625,'2014-12-29 15:21:38','csevedg'),(159,626,'2014-12-29 15:29:12','csevedg'),(159,627,'2014-12-29 15:41:57','csevedg'),(159,629,'2014-12-29 15:54:56','csevedg'),(159,631,'2014-12-29 16:14:31','csevedg'),(159,632,'2014-12-30 10:54:36','csevedg'),(159,633,'2014-12-30 11:13:13','csevedg'),(159,634,'2014-12-30 11:18:47','csevedg'),(159,637,'2014-12-30 11:27:35','csevedg'),(159,638,'2014-12-30 11:45:43','csevedg'),(159,640,'2014-12-30 11:51:31','csevedg'),(159,641,'2014-12-30 11:56:31','csevedg'),(159,642,'2014-12-30 12:04:39','csevedg'),(159,643,'2014-12-30 12:09:33','csevedg'),(159,644,'2014-12-30 12:15:25','csevedg'),(159,646,'2014-12-30 12:20:28','csevedg'),(159,647,'2014-12-30 12:25:14','csevedg'),(159,648,'2014-12-30 13:25:08','csevedg'),(159,649,'2014-12-30 13:30:34','csevedg'),(159,650,'2014-12-30 13:37:58','csevedg'),(159,651,'2014-12-30 13:54:20','csevedg'),(159,652,'2014-12-29 10:36:07','cstoner'),(159,655,'2014-12-29 11:23:03','cstoner'),(159,656,'2014-12-31 06:50:19','cstoner'),(159,657,'2014-12-31 07:02:05','cstoner'),(159,658,'2014-12-31 07:04:25','cstoner'),(159,659,'2014-12-31 07:14:48','cstoner'),(159,660,'2014-12-31 07:17:56','cstoner'),(159,661,'2014-12-31 07:19:25','cstoner'),(159,662,'2014-12-31 16:58:22','cstoner'),(159,663,'2014-12-31 17:04:47','cstoner'),(159,664,'2014-12-31 17:08:19','cstoner'),(159,665,'2014-12-31 17:15:46','cstoner'),(159,668,'2015-01-05 11:27:07','cstoner'),(159,669,'2015-01-05 11:32:17','cstoner'),(159,670,'2015-01-05 11:40:34','cstoner'),(159,671,'2015-01-05 11:44:28','cstoner'),(159,673,'2015-01-05 15:26:08','cstoner'),(159,674,'2015-01-05 15:30:41','cstoner'),(159,675,'2015-01-05 15:40:42','cstoner'),(159,677,'2014-12-31 09:12:30','csevedg'),(159,680,'2014-12-31 09:22:06','csevedg'),(159,681,'2014-12-31 09:26:19','csevedg'),(159,684,'2014-12-31 10:01:28','csevedg'),(159,685,'2014-12-31 10:11:48','csevedg'),(159,688,'2014-12-31 10:17:08','csevedg'),(159,689,'2014-12-31 10:22:29','csevedg'),(159,691,'2014-12-31 11:17:27','csevedg'),(159,692,'2014-12-31 11:23:57','csevedg'),(159,693,'2014-12-31 11:28:58','csevedg'),(159,695,'2014-12-31 11:43:39','csevedg'),(159,700,'2014-12-04 08:35:38','cstoner'),(159,701,'2014-12-04 09:20:37','cstoner'),(165,345,'2014-12-05 08:52:16','csevedg'),(186,345,'2014-12-05 08:47:46','csevedg'),(186,434,'2014-12-22 09:40:58','cstoner'),(186,446,'2014-12-22 10:31:05','cstoner'),(186,492,'2014-12-23 09:12:37','cstoner'),(186,503,'2014-12-10 10:30:22','csevedg'),(186,520,'2014-12-10 16:09:26','csevedg'),(186,542,'2014-12-11 11:53:41','csevedg'),(186,572,'2014-12-15 08:53:06','csevedg'),(186,584,'2014-12-15 09:23:31','csevedg'),(186,585,'2014-12-15 09:27:24','csevedg'),(186,589,'2014-12-15 11:35:25','csevedg'),(186,601,'2014-12-29 10:30:59','csevedg'),(186,602,'2014-12-29 11:52:23','csevedg'),(186,609,'2014-12-29 13:37:30','csevedg'),(186,611,'2014-12-29 13:57:00','csevedg'),(186,615,'2014-12-29 14:20:34','csevedg'),(186,616,'2014-12-29 14:25:13','csevedg'),(186,617,'2014-12-29 14:30:46','csevedg'),(186,618,'2014-12-29 14:35:53','csevedg'),(186,619,'2014-12-29 14:39:56','csevedg'),(186,620,'2014-12-29 14:46:13','csevedg'),(186,621,'2014-12-29 14:53:01','csevedg'),(186,622,'2014-12-29 14:56:47','csevedg'),(186,623,'2014-12-29 15:12:13','csevedg'),(186,624,'2014-12-29 15:16:26','csevedg'),(186,626,'2014-12-29 15:26:20','csevedg'),(186,627,'2014-12-29 15:39:34','csevedg'),(186,631,'2014-12-29 16:02:31','csevedg'),(186,633,'2014-12-30 11:11:58','csevedg'),(186,634,'2014-12-30 11:18:31','csevedg'),(186,637,'2014-12-30 11:26:33','csevedg'),(186,638,'2014-12-30 11:45:21','csevedg'),(186,640,'2014-12-30 11:50:58','csevedg'),(186,642,'2014-12-30 11:59:17','csevedg'),(186,644,'2014-12-30 12:14:50','csevedg'),(186,646,'2014-12-30 12:18:21','csevedg'),(186,647,'2014-12-30 12:24:41','csevedg'),(186,648,'2014-12-30 13:24:33','csevedg'),(186,652,'2014-12-29 10:33:26','cstoner'),(186,655,'2014-12-29 11:21:38','cstoner'),(186,656,'2014-12-31 06:47:36','cstoner'),(186,657,'2014-12-31 07:00:16','cstoner'),(186,658,'2014-12-31 07:04:47','cstoner'),(186,660,'2014-12-31 07:17:45','cstoner'),(186,672,'2015-01-05 11:54:07','cstoner'),(186,673,'2015-01-05 15:24:53','cstoner'),(186,674,'2015-01-05 15:30:21','cstoner'),(186,675,'2015-01-05 15:39:40','cstoner'),(186,684,'2014-12-31 09:59:12','csevedg'),(186,692,'2014-12-31 11:23:49','csevedg'),(186,693,'2014-12-31 11:28:37','csevedg'),(186,710,'2014-12-04 16:31:29','cstoner'),(188,434,'2014-12-22 09:41:38','cstoner'),(188,529,'2014-12-11 10:50:11','csevedg'),(188,654,'2014-12-29 10:57:27','cstoner'),(188,672,'2015-01-05 11:54:39','cstoner'),(189,532,'2014-12-11 11:10:37','csevedg'),(202,434,'2014-12-22 09:42:11','cstoner'),(202,529,'2014-12-11 10:50:44','csevedg'),(202,654,'2014-12-29 10:57:53','cstoner'),(202,672,'2015-01-05 11:54:50','cstoner'),(203,434,'2014-12-22 09:41:55','cstoner'),(203,529,'2014-12-11 10:50:33','csevedg'),(203,654,'2014-12-29 10:57:46','cstoner'),(203,672,'2015-01-05 11:54:55','cstoner'),(205,534,'2014-12-11 11:31:11','csevedg'),(205,536,'2014-12-11 11:45:53','csevedg'),(206,534,'2014-12-11 11:30:54','csevedg'),(206,536,'2014-12-11 11:45:02','csevedg'),(207,534,'2014-12-11 11:30:34','csevedg'),(207,536,'2014-12-11 11:44:51','csevedg'),(208,534,'2014-12-11 11:30:11','csevedg'),(208,536,'2014-12-11 11:44:30','csevedg'),(209,534,'2014-12-11 11:35:38','csevedg'),(209,536,'2014-12-11 11:47:00','csevedg'),(211,534,'2014-12-11 11:35:17','csevedg'),(211,536,'2014-12-11 11:48:11','csevedg'),(214,532,'2014-12-11 11:07:59','csevedg'),(214,534,'2014-12-11 11:32:02','csevedg'),(214,536,'2014-12-11 11:46:12','csevedg'),(215,652,'2014-12-29 10:35:41','cstoner'),(216,652,'2014-12-29 10:34:11','cstoner'),(217,459,'2014-12-22 10:50:51','cstoner'),(220,650,'2014-12-30 13:37:46','csevedg'),(222,659,'2014-12-31 07:13:11','cstoner'),(222,662,'2014-12-31 17:00:27','cstoner'),(225,619,'2014-12-29 14:41:08','csevedg'),(225,620,'2014-12-29 14:46:52','csevedg'),(225,676,'2015-01-05 15:45:02','cstoner'),(226,622,'2014-12-29 14:57:05','csevedg'),(226,623,'2014-12-29 15:12:33','csevedg'),(226,656,'2014-12-31 06:49:43','cstoner'),(226,658,'2014-12-31 07:05:59','cstoner'),(227,620,'2014-12-29 14:46:27','csevedg'),(228,622,'2014-12-29 14:57:41','csevedg'),(228,623,'2014-12-29 15:13:10','csevedg'),(229,625,'2014-12-29 15:21:22','csevedg'),(230,625,'2014-12-29 15:21:11','csevedg'),(231,459,'2014-12-22 10:50:04','cstoner'),(232,459,'2014-12-22 10:49:39','cstoner'),(233,459,'2014-12-22 10:38:18','cstoner'),(233,659,'2014-12-31 07:12:48','cstoner'),(233,662,'2014-12-31 17:00:02','cstoner'),(237,510,'2014-12-10 13:02:33','csevedg'),(237,607,'2014-12-29 13:33:03','csevedg'),(237,631,'2014-12-29 16:04:40','csevedg'),(237,632,'2014-12-30 10:56:54','csevedg'),(237,633,'2014-12-30 11:14:37','csevedg'),(237,664,'2014-12-31 17:07:04','cstoner'),(237,674,'2015-01-05 15:30:03','cstoner'),(238,510,'2014-12-10 11:53:57','csevedg'),(238,611,'2014-12-29 14:02:28','csevedg'),(238,631,'2014-12-29 16:04:07','csevedg'),(238,632,'2014-12-30 11:04:18','csevedg'),(238,633,'2014-12-30 11:14:20','csevedg'),(238,674,'2015-01-05 15:29:27','cstoner'),(239,631,'2014-12-29 16:13:48','csevedg'),(240,631,'2014-12-29 16:08:25','csevedg'),(241,631,'2014-12-29 16:12:57','csevedg'),(242,631,'2014-12-29 16:12:27','csevedg'),(243,631,'2014-12-29 16:12:14','csevedg'),(244,631,'2014-12-29 16:12:02','csevedg'),(245,631,'2014-12-29 16:11:45','csevedg'),(246,631,'2014-12-29 16:11:29','csevedg'),(247,631,'2014-12-29 16:11:18','csevedg'),(248,631,'2014-12-29 16:11:03','csevedg'),(249,631,'2014-12-29 16:10:48','csevedg'),(250,631,'2014-12-29 16:10:25','csevedg'),(251,631,'2014-12-29 16:10:07','csevedg'),(252,631,'2014-12-29 16:09:53','csevedg'),(253,631,'2014-12-29 16:09:29','csevedg'),(256,652,'2014-12-29 10:35:30','cstoner'),(257,652,'2014-12-29 10:35:04','cstoner'),(258,652,'2014-12-29 10:34:39','cstoner'),(262,628,'2014-12-29 15:46:04','csevedg'),(264,532,'2014-12-11 11:09:48','csevedg'),(265,431,'2014-12-22 09:05:04','cstoner'),(265,551,'2014-12-11 16:47:09','csevedg'),(265,569,'2014-12-12 16:53:46','csevedg'),(265,649,'2014-12-30 13:31:31','csevedg'),(265,660,'2014-12-31 07:18:31','cstoner'),(265,661,'2014-12-31 07:20:20','cstoner'),(266,520,'2014-12-10 16:09:51','csevedg'),(329,517,'2014-12-10 15:17:49','csevedg'),(330,586,'2014-12-15 09:43:23','csevedg'),(331,517,'2014-12-10 15:19:04','csevedg'),(332,517,'2014-12-10 15:19:17','csevedg'),(333,545,'2014-12-15 16:37:36','csevedg'),(333,547,'2014-12-12 13:49:51','csevedg'),(333,691,'2014-12-31 11:14:03','csevedg'),(336,485,'2014-12-23 09:09:36','cstoner'),(348,664,'2014-12-31 17:08:01','cstoner'),(349,664,'2014-12-31 17:08:04','cstoner'),(350,504,'2014-12-10 10:49:02','csevedg'),(350,510,'2014-12-10 13:07:04','csevedg'),(350,628,'2014-12-29 15:48:16','csevedg'),(350,629,'2014-12-29 15:54:13','csevedg'),(350,632,'2014-12-30 10:54:25','csevedg'),(350,633,'2014-12-30 11:13:02','csevedg'),(351,534,'2014-12-11 11:32:22','csevedg'),(351,536,'2014-12-11 11:46:26','csevedg'),(353,504,'2014-12-10 10:48:01','csevedg'),(377,520,'2014-12-10 16:10:45','csevedg'),(378,446,'2014-12-22 10:29:26','cstoner'),(379,446,'2014-12-22 10:28:04','cstoner'),(380,446,'2014-12-22 10:27:53','cstoner'),(381,695,'2014-12-31 11:42:40','csevedg'),(384,547,'2014-12-12 11:57:51','csevedg'),(385,642,'2014-12-30 12:04:02','csevedg'),(386,642,'2014-12-30 12:04:30','csevedg'),(387,642,'2014-12-30 12:04:23','csevedg'),(390,659,'2014-12-31 07:11:57','cstoner'),(390,662,'2014-12-31 16:59:21','cstoner'),(391,659,'2014-12-31 07:11:43','cstoner'),(391,662,'2014-12-31 16:59:09','cstoner'),(395,568,'2014-12-12 16:42:49','csevedg'),(397,516,'2014-12-10 14:31:33','csevedg'),(397,518,'2014-12-10 15:38:57','csevedg'),(398,601,'2014-12-29 10:51:03','csevedg'),(400,518,'2014-12-10 15:38:41','csevedg'),(400,547,'2014-12-12 11:04:05','csevedg'),(400,560,'2014-12-12 16:06:03','csevedg'),(402,516,'2014-12-10 14:31:21','csevedg'),(402,560,'2014-12-12 16:06:18','csevedg'),(402,609,'2014-12-29 13:38:52','csevedg'),(402,614,'2014-12-29 14:14:44','csevedg'),(402,701,'2014-12-04 08:59:10','cstoner'),(404,619,'2014-12-29 14:41:21','csevedg'),(404,620,'2014-12-29 14:46:59','csevedg'),(404,622,'2014-12-29 14:57:15','csevedg'),(404,623,'2014-12-29 15:12:49','csevedg'),(404,656,'2014-12-31 06:49:51','cstoner'),(404,676,'2015-01-05 15:45:15','cstoner'),(406,646,'2014-12-30 12:20:15','csevedg'),(407,646,'2014-12-30 12:19:16','csevedg'),(408,547,'2014-12-12 13:39:49','csevedg'),(416,628,'2014-12-29 15:46:20','csevedg'),(417,385,'2014-12-08 16:01:16','csevedg'),(418,385,'2014-12-08 16:02:20','csevedg'),(419,385,'2014-12-08 15:55:50','csevedg'),(419,713,'2014-12-04 16:37:09','cstoner'),(420,385,'2014-12-08 15:55:21','csevedg'),(421,385,'2014-12-08 15:56:14','csevedg'),(422,350,'2014-12-05 11:39:56','csevedg'),(422,632,'2014-12-30 10:53:47','csevedg'),(422,701,'2014-12-04 09:08:44','cstoner'),(423,581,'2014-12-15 09:07:58','csevedg'),(423,582,'2014-12-15 09:11:36','csevedg'),(424,580,'2014-12-15 09:04:26','csevedg'),(424,581,'2014-12-15 09:07:40','csevedg'),(424,582,'2014-12-15 09:11:04','csevedg'),(424,583,'2014-12-15 09:14:14','csevedg'),(425,580,'2014-12-15 09:04:42','csevedg'),(425,581,'2014-12-15 09:07:26','csevedg'),(425,582,'2014-12-15 09:11:21','csevedg'),(425,583,'2014-12-15 09:14:02','csevedg'),(427,589,'2014-12-15 11:37:43','csevedg'),(428,584,'2014-12-15 09:21:20','csevedg'),(430,584,'2014-12-15 09:21:07','csevedg'),(431,605,'2014-12-29 12:15:57','csevedg'),(433,701,'2014-12-04 08:58:49','cstoner'),(433,1407,'2014-12-04 16:53:17','cstoner'),(436,701,'2014-12-04 08:59:46','cstoner'),(437,701,'2014-12-04 08:53:07','cstoner'),(440,526,'2014-12-11 09:01:05','csevedg'),(440,545,'2014-12-11 12:39:52','csevedg'),(440,627,'2014-12-29 15:40:01','csevedg'),(440,691,'2014-12-31 10:53:26','csevedg'),(458,516,'2014-12-10 15:06:24','csevedg'),(458,518,'2014-12-10 15:58:42','csevedg'),(458,526,'2014-12-11 09:24:03','csevedg'),(458,545,'2014-12-11 16:04:23','csevedg'),(458,547,'2014-12-12 13:42:47','csevedg'),(458,560,'2014-12-12 16:31:51','csevedg'),(458,601,'2014-12-29 11:24:46','csevedg'),(458,691,'2014-12-31 11:10:09','csevedg'),(459,516,'2014-12-10 15:06:51','csevedg'),(459,518,'2014-12-10 15:59:06','csevedg'),(459,526,'2014-12-11 09:23:39','csevedg'),(459,545,'2014-12-11 16:04:05','csevedg'),(459,547,'2014-12-12 13:42:27','csevedg'),(459,560,'2014-12-12 16:31:17','csevedg'),(459,601,'2014-12-29 11:24:22','csevedg'),(459,691,'2014-12-31 11:09:50','csevedg'),(466,526,'2014-12-11 09:05:50','csevedg'),(479,545,'2014-12-11 16:03:01','csevedg'),(479,691,'2014-12-31 11:09:06','csevedg'),(480,516,'2014-12-10 14:40:07','csevedg'),(480,518,'2014-12-10 15:43:20','csevedg'),(480,545,'2014-12-11 15:58:44','csevedg'),(480,560,'2014-12-12 16:07:13','csevedg'),(480,601,'2014-12-29 11:18:34','csevedg'),(480,691,'2014-12-31 11:04:12','csevedg'),(481,516,'2014-12-10 14:30:08','csevedg'),(481,518,'2014-12-10 15:38:25','csevedg'),(481,545,'2014-12-11 12:46:40','csevedg'),(481,560,'2014-12-12 16:05:52','csevedg'),(481,601,'2014-12-29 10:50:37','csevedg'),(481,691,'2014-12-31 10:58:02','csevedg'),(481,701,'2014-12-04 08:58:33','cstoner'),(485,545,'2014-12-11 16:13:27','csevedg'),(485,547,'2014-12-12 13:50:17','csevedg'),(485,560,'2014-12-12 16:32:22','csevedg'),(485,587,'2014-12-15 11:18:46','csevedg'),(485,691,'2014-12-31 11:17:05','csevedg'),(488,516,'2014-12-10 15:07:14','csevedg'),(488,518,'2014-12-10 16:00:10','csevedg'),(488,526,'2014-12-11 09:24:55','csevedg'),(488,545,'2014-12-11 16:04:39','csevedg'),(488,547,'2014-12-12 13:44:35','csevedg'),(488,560,'2014-12-12 16:32:05','csevedg'),(488,601,'2014-12-29 11:25:10','csevedg'),(488,691,'2014-12-31 11:11:03','csevedg'),(490,516,'2014-12-10 15:05:48','csevedg'),(490,518,'2014-12-10 15:57:59','csevedg'),(490,560,'2014-12-12 16:30:49','csevedg'),(490,601,'2014-12-29 11:23:26','csevedg'),(490,609,'2014-12-29 13:40:56','csevedg'),(490,701,'2014-12-04 09:03:03','cstoner'),(494,545,'2014-12-11 16:08:17','csevedg'),(494,547,'2014-12-12 13:49:31','csevedg'),(494,691,'2014-12-31 11:13:43','csevedg'),(496,545,'2014-12-11 12:41:37','csevedg'),(496,691,'2014-12-31 10:55:06','csevedg'),(497,587,'2014-12-15 11:10:36','csevedg'),(498,547,'2014-12-12 13:48:13','csevedg'),(499,547,'2014-12-12 11:04:58','csevedg'),(502,526,'2014-12-11 09:22:34','csevedg'),(502,545,'2014-12-11 16:00:42','csevedg'),(502,691,'2014-12-31 11:06:59','csevedg'),(505,631,'2014-12-29 16:09:03','csevedg'),(506,631,'2014-12-29 16:08:38','csevedg'),(507,631,'2014-12-29 16:07:35','csevedg'),(508,602,'2014-12-29 11:54:21','csevedg'),(512,602,'2014-12-29 11:56:46','csevedg'),(513,602,'2014-12-29 11:55:35','csevedg'),(514,602,'2014-12-29 11:54:36','csevedg'),(514,633,'2014-12-30 11:12:30','csevedg'),(518,516,'2014-12-10 14:35:21','csevedg'),(518,526,'2014-12-11 09:03:20','csevedg'),(518,545,'2014-12-11 13:44:35','csevedg'),(518,691,'2014-12-31 11:01:03','csevedg'),(519,516,'2014-12-10 15:05:14','csevedg'),(519,609,'2014-12-29 13:40:29','csevedg'),(519,614,'2014-12-29 14:15:14','csevedg'),(520,516,'2014-12-10 14:30:52','csevedg'),(525,516,'2014-12-10 14:39:33','csevedg'),(525,518,'2014-12-10 15:52:31','csevedg'),(528,609,'2014-12-29 13:38:21','csevedg'),(530,605,'2014-12-29 12:16:44','csevedg'),(530,614,'2014-12-29 14:14:30','csevedg'),(531,609,'2014-12-29 13:38:05','csevedg'),(531,614,'2014-12-29 14:14:12','csevedg'),(531,655,'2014-12-29 11:21:51','cstoner'),(532,609,'2014-12-29 13:37:53','csevedg'),(532,614,'2014-12-29 14:14:05','csevedg'),(532,655,'2014-12-29 11:22:04','cstoner'),(534,701,'2014-12-04 09:01:53','cstoner'),(540,345,'2014-12-05 08:48:01','csevedg'),(540,518,'2014-12-10 15:37:24','csevedg'),(540,545,'2014-12-11 12:39:07','csevedg'),(540,547,'2014-12-12 11:03:25','csevedg'),(540,611,'2014-12-29 13:57:15','csevedg'),(540,631,'2014-12-29 16:03:06','csevedg'),(541,545,'2014-12-12 13:22:49','csevedg'),(541,547,'2014-12-12 13:50:11','csevedg'),(541,560,'2014-12-12 16:34:19','csevedg'),(541,701,'2014-12-04 09:10:16','cstoner'),(542,518,'2014-12-10 15:41:01','csevedg'),(542,526,'2014-12-11 09:05:01','csevedg'),(542,545,'2014-12-11 12:40:19','csevedg'),(542,547,'2014-12-12 11:58:32','csevedg'),(542,560,'2014-12-12 16:24:05','csevedg'),(542,587,'2014-12-15 11:11:08','csevedg'),(542,601,'2014-12-29 10:51:33','csevedg'),(542,691,'2014-12-31 10:54:20','csevedg'),(544,516,'2014-12-10 14:32:48','csevedg'),(544,518,'2014-12-10 15:39:41','csevedg'),(544,526,'2014-12-11 09:01:32','csevedg'),(545,516,'2014-12-10 14:34:00','csevedg'),(545,518,'2014-12-10 15:41:34','csevedg'),(545,526,'2014-12-11 09:02:29','csevedg'),(545,700,'2014-12-08 15:48:23','cstoner'),(546,516,'2014-12-10 14:34:19','csevedg'),(546,518,'2014-12-10 15:41:57','csevedg'),(546,526,'2014-12-11 09:02:42','csevedg'),(547,516,'2014-12-10 14:34:49','csevedg'),(547,518,'2014-12-10 15:42:18','csevedg'),(547,526,'2014-12-11 09:03:01','csevedg'),(548,516,'2014-12-10 14:36:19','csevedg'),(548,518,'2014-12-10 15:43:59','csevedg'),(548,526,'2014-12-11 09:04:39','csevedg'),(550,516,'2014-12-10 14:41:28','csevedg'),(551,516,'2014-12-10 14:33:36','csevedg'),(551,526,'2014-12-11 09:02:19','csevedg'),(552,516,'2014-12-10 14:33:08','csevedg'),(552,526,'2014-12-11 09:02:05','csevedg'),(553,518,'2014-12-10 15:57:15','csevedg'),(553,560,'2014-12-12 16:30:22','csevedg'),(554,560,'2014-12-12 16:09:22','csevedg'),(554,584,'2014-12-15 09:20:29','csevedg'),(554,585,'2014-12-15 09:27:04','csevedg'),(554,601,'2014-12-29 10:53:02','csevedg'),(555,516,'2014-12-10 14:41:09','csevedg'),(555,518,'2014-12-10 15:53:02','csevedg'),(555,526,'2014-12-11 09:06:51','csevedg'),(555,545,'2014-12-11 12:43:35','csevedg'),(555,560,'2014-12-12 16:27:11','csevedg'),(555,601,'2014-12-29 11:07:59','csevedg'),(555,691,'2014-12-31 10:57:21','csevedg'),(556,611,'2014-12-29 14:01:13','csevedg'),(556,631,'2014-12-29 16:03:28','csevedg'),(557,607,'2014-12-29 13:25:37','csevedg'),(557,611,'2014-12-29 13:58:33','csevedg'),(558,611,'2014-12-29 14:00:05','csevedg'),(559,611,'2014-12-29 13:59:58','csevedg'),(560,611,'2014-12-29 13:59:51','csevedg'),(561,611,'2014-12-29 13:59:43','csevedg'),(562,611,'2014-12-29 13:59:33','csevedg'),(563,611,'2014-12-29 13:59:18','csevedg'),(565,547,'2014-12-12 13:41:45','csevedg'),(566,547,'2014-12-12 11:05:18','csevedg'),(567,517,'2014-12-10 15:18:12','csevedg'),(568,547,'2014-12-12 13:40:47','csevedg'),(570,611,'2014-12-29 13:58:47','csevedg'),(571,628,'2014-12-29 15:46:35','csevedg'),(573,626,'2014-12-29 15:27:49','csevedg'),(573,627,'2014-12-29 15:41:50','csevedg'),(573,628,'2014-12-29 15:48:40','csevedg'),(575,526,'2014-12-11 09:23:01','csevedg'),(578,614,'2014-12-29 14:15:44','csevedg'),(579,605,'2014-12-29 12:17:08','csevedg'),(580,547,'2014-12-12 11:03:55','csevedg'),(581,615,'2014-12-29 14:20:59','csevedg'),(582,615,'2014-12-29 14:20:52','csevedg'),(583,545,'2014-12-11 16:05:07','csevedg'),(583,691,'2014-12-31 11:11:28','csevedg'),(584,587,'2014-12-15 11:12:21','csevedg'),(585,587,'2014-12-15 11:15:25','csevedg'),(588,526,'2014-12-11 09:24:20','csevedg'),(588,545,'2014-12-11 16:03:15','csevedg'),(588,691,'2014-12-31 11:10:35','csevedg'),(589,585,'2014-12-15 09:27:54','csevedg'),(591,616,'2014-12-29 14:26:04','csevedg'),(591,628,'2014-12-29 15:50:21','csevedg'),(592,616,'2014-12-29 14:25:40','csevedg'),(592,628,'2014-12-29 15:46:51','csevedg'),(594,602,'2014-12-29 11:56:28','csevedg'),(595,602,'2014-12-29 11:56:01','csevedg'),(597,602,'2014-12-29 11:56:16','csevedg'),(601,605,'2014-12-29 12:17:26','csevedg'),(602,569,'2014-12-12 16:56:32','csevedg'),(605,526,'2014-12-11 09:00:38','csevedg'),(606,545,'2014-12-11 12:39:33','csevedg'),(606,691,'2014-12-31 10:53:02','csevedg'),(607,516,'2014-12-10 14:49:22','csevedg'),(607,518,'2014-12-10 15:53:37','csevedg'),(607,526,'2014-12-11 09:07:49','csevedg'),(607,560,'2014-12-12 16:28:53','csevedg'),(607,601,'2014-12-29 11:12:59','csevedg'),(608,568,'2014-12-12 16:41:46','csevedg'),(610,587,'2014-12-15 11:10:24','csevedg'),(611,587,'2014-12-15 09:56:01','csevedg'),(611,701,'2014-12-04 08:51:36','cstoner'),(612,547,'2014-12-12 13:37:27','csevedg'),(613,626,'2014-12-29 15:25:18','csevedg'),(613,627,'2014-12-29 15:39:06','csevedg'),(614,626,'2014-12-29 15:27:31','csevedg'),(614,627,'2014-12-29 15:41:19','csevedg'),(616,605,'2014-12-29 12:16:11','csevedg'),(618,545,'2014-12-11 12:41:03','csevedg'),(618,691,'2014-12-31 10:54:44','csevedg'),(619,607,'2014-12-29 13:27:14','csevedg'),(619,611,'2014-12-29 14:05:04','csevedg'),(619,631,'2014-12-29 16:45:44','csevedg'),(620,542,'2014-12-11 11:54:07','csevedg'),(620,569,'2014-12-12 16:52:43','csevedg'),(620,589,'2014-12-15 11:34:48','csevedg'),(622,616,'2014-12-29 14:26:18','csevedg'),(623,700,'2014-12-04 08:33:30','cstoner'),(625,350,'2014-12-05 11:30:24','csevedg'),(625,626,'2014-12-29 15:27:02','csevedg'),(626,350,'2014-12-05 11:30:40','csevedg'),(627,516,'2014-12-10 14:49:42','csevedg'),(627,518,'2014-12-10 15:53:51','csevedg'),(627,526,'2014-12-11 09:08:15','csevedg'),(627,545,'2014-12-11 15:58:12','csevedg'),(627,560,'2014-12-12 16:29:05','csevedg'),(627,601,'2014-12-29 11:19:08','csevedg'),(627,691,'2014-12-31 11:03:09','csevedg'),(629,516,'2014-12-10 14:49:12','csevedg'),(629,518,'2014-12-10 15:53:28','csevedg'),(629,526,'2014-12-11 09:07:33','csevedg'),(631,626,'2014-12-29 15:25:39','csevedg'),(632,342,'2014-12-04 16:29:46','csevedg'),(633,520,'2014-12-10 16:11:09','csevedg'),(634,692,'2014-12-31 11:23:28','csevedg'),(635,545,'2014-12-11 15:58:01','csevedg'),(635,691,'2014-12-31 11:02:49','csevedg'),(636,431,'2014-12-22 09:02:10','cstoner'),(636,503,'2014-12-10 10:31:23','csevedg'),(636,504,'2014-12-10 10:39:15','csevedg'),(636,517,'2014-12-10 15:16:49','csevedg'),(636,520,'2014-12-10 16:09:00','csevedg'),(636,542,'2014-12-11 11:54:18','csevedg'),(636,545,'2014-12-11 12:39:18','csevedg'),(636,547,'2014-12-12 11:03:05','csevedg'),(636,550,'2014-12-11 16:40:13','csevedg'),(636,560,'2014-12-12 16:04:29','csevedg'),(636,568,'2014-12-12 16:41:26','csevedg'),(636,569,'2014-12-12 16:52:50','csevedg'),(636,587,'2014-12-15 11:09:35','csevedg'),(636,589,'2014-12-15 11:35:04','csevedg'),(636,601,'2014-12-29 10:50:07','csevedg'),(636,602,'2014-12-29 11:52:00','csevedg'),(636,618,'2014-12-29 14:36:15','csevedg'),(636,621,'2014-12-29 14:52:43','csevedg'),(636,624,'2014-12-29 15:17:16','csevedg'),(636,625,'2014-12-29 15:20:24','csevedg'),(636,634,'2014-12-30 11:19:02','csevedg'),(636,637,'2014-12-30 11:27:03','csevedg'),(636,638,'2014-12-30 11:45:35','csevedg'),(636,642,'2014-12-30 11:59:50','csevedg'),(636,644,'2014-12-30 12:15:11','csevedg'),(636,653,'2014-12-29 10:42:55','cstoner'),(636,660,'2014-12-31 07:17:26','cstoner'),(636,661,'2014-12-31 07:21:04','cstoner'),(636,680,'2014-12-31 09:21:31','csevedg'),(636,681,'2014-12-31 09:26:09','csevedg'),(636,684,'2014-12-31 10:00:11','csevedg'),(636,688,'2014-12-31 10:16:46','csevedg'),(636,691,'2014-12-31 10:52:45','csevedg'),(636,693,'2014-12-31 11:28:17','csevedg'),(637,545,'2014-12-11 12:47:09','csevedg'),(637,691,'2014-12-31 10:58:25','csevedg'),(638,681,'2014-12-31 09:26:29','csevedg'),(640,341,'2014-12-04 10:51:40','csevedg'),(640,345,'2014-12-05 08:48:16','csevedg'),(640,372,'2014-12-08 14:26:37','csevedg'),(640,396,'2014-12-08 16:44:48','csevedg'),(640,492,'2014-12-23 09:13:46','cstoner'),(640,584,'2014-12-15 09:20:07','csevedg'),(640,585,'2014-12-15 09:29:49','csevedg'),(640,619,'2014-12-29 14:40:22','csevedg'),(640,646,'2014-12-30 12:18:50','csevedg'),(640,647,'2014-12-30 12:25:01','csevedg'),(640,648,'2014-12-30 13:24:52','csevedg'),(640,649,'2014-12-30 13:30:00','csevedg'),(640,651,'2014-12-30 13:54:10','csevedg'),(640,657,'2014-12-31 07:01:09','cstoner'),(640,658,'2014-12-31 07:05:37','cstoner'),(640,663,'2014-12-31 17:04:24','cstoner'),(640,664,'2014-12-31 17:07:12','cstoner'),(640,685,'2014-12-31 10:11:30','csevedg'),(641,401,'2014-12-08 16:06:57','cstoner'),(641,405,'2014-12-08 16:21:08','cstoner'),(641,406,'2014-12-08 16:27:00','cstoner'),(641,407,'2014-12-08 16:41:26','cstoner'),(641,410,'2014-12-08 16:48:55','cstoner'),(641,431,'2014-12-22 09:05:20','cstoner'),(641,432,'2014-12-22 09:24:44','cstoner'),(641,434,'2014-12-22 09:42:29','cstoner'),(641,446,'2014-12-22 10:29:46','cstoner'),(641,459,'2014-12-22 10:38:27','cstoner'),(641,492,'2014-12-23 09:11:32','cstoner'),(641,504,'2014-12-10 10:37:01','csevedg'),(641,517,'2014-12-10 15:20:01','csevedg'),(641,551,'2014-12-11 16:47:44','csevedg'),(641,569,'2014-12-12 16:54:28','csevedg'),(641,587,'2014-12-15 09:55:42','csevedg'),(641,589,'2014-12-15 11:32:55','csevedg'),(641,605,'2014-12-29 12:15:27','csevedg'),(641,628,'2014-12-29 15:45:37','csevedg'),(641,652,'2014-12-29 10:31:15','cstoner'),(641,654,'2014-12-29 10:48:20','cstoner'),(641,655,'2014-12-29 11:02:00','cstoner'),(641,656,'2014-12-31 06:46:44','cstoner'),(641,657,'2014-12-31 06:59:28','cstoner'),(641,658,'2014-12-31 07:03:42','cstoner'),(641,659,'2014-12-31 07:11:15','cstoner'),(641,662,'2014-12-31 16:58:25','cstoner'),(641,663,'2014-12-31 17:02:31','cstoner'),(641,664,'2014-12-31 17:05:59','cstoner'),(641,665,'2014-12-31 17:11:23','cstoner'),(641,668,'2015-01-05 11:24:09','cstoner'),(641,669,'2015-01-05 11:28:14','cstoner'),(641,671,'2015-01-05 11:42:14','cstoner'),(641,672,'2015-01-05 11:52:40','cstoner'),(641,673,'2015-01-05 15:24:27','cstoner'),(641,674,'2015-01-05 15:28:39','cstoner'),(641,675,'2015-01-05 15:39:12','cstoner'),(641,700,'2014-12-08 15:47:42','cstoner'),(641,701,'2014-12-04 08:50:08','cstoner'),(641,710,'2014-12-08 15:52:48','cstoner'),(641,713,'2014-12-04 16:55:09','cstoner'),(641,714,'2014-12-04 16:54:12','cstoner'),(641,1407,'2014-12-04 16:51:15','cstoner'),(642,586,'2014-12-15 09:42:34','csevedg'),(643,551,'2014-12-11 16:45:54','csevedg'),(644,551,'2014-12-11 16:45:46','csevedg'),(645,569,'2014-12-12 16:56:12','csevedg'),(646,569,'2014-12-12 16:56:22','csevedg'),(649,586,'2014-12-15 09:44:44','csevedg'),(650,586,'2014-12-15 09:47:38','csevedg'),(651,586,'2014-12-15 09:44:23','csevedg'),(652,586,'2014-12-15 09:43:36','csevedg'),(654,609,'2014-12-29 13:38:33','csevedg'),(656,627,'2014-12-29 15:42:25','csevedg'),(656,677,'2014-12-31 09:12:21','csevedg'),(657,677,'2014-12-31 09:12:04','csevedg'),(658,586,'2014-12-15 09:42:11','csevedg'),(659,586,'2014-12-15 09:42:46','csevedg'),(661,545,'2014-12-12 14:34:03','csevedg'),(661,560,'2014-12-12 16:28:37','csevedg'),(661,601,'2014-12-29 11:11:02','csevedg'),(661,691,'2014-12-31 11:02:31','csevedg'),(666,606,'2014-12-29 13:19:59','csevedg'),(667,606,'2014-12-29 13:19:47','csevedg'),(668,586,'2014-12-15 09:46:38','csevedg'),(669,606,'2014-12-29 13:20:18','csevedg');
/*!40000 ALTER TABLE `mapped_shell_mark` ENABLE KEYS */;
UNLOCK TABLES;

--
-- Table structure for table `security_user`
--

DROP TABLE IF EXISTS `security_user`;
/*!40101 SET @saved_cs_client     = @@character_set_client */;
/*!40101 SET character_set_client = utf8 */;
CREATE TABLE `security_user` (
  `SECURITY_USER_ID` int(11) DEFAULT NULL,
  `USER_NAME` varchar(10) NOT NULL,
  `CREDENTIALS` varchar(20) DEFAULT 'Password1',
  `ACCOUNTNONLOCKED` int(11) NOT NULL DEFAULT '1',
  `ACCOUNTNONEXPIRED` int(11) NOT NULL DEFAULT '1',
  `CREDENTIALSNONEXPIRED` int(11) NOT NULL DEFAULT '1',
  PRIMARY KEY (`USER_NAME`)
) ENGINE=InnoDB DEFAULT CHARSET=utf8;
/*!40101 SET character_set_client = @saved_cs_client */;

--
-- Dumping data for table `security_user`
--

LOCK TABLES `security_user` WRITE;
/*!40000 ALTER TABLE `security_user` DISABLE KEYS */;
INSERT INTO `security_user` VALUES (NULL,'csevedg','Password1',1,1,1),(NULL,'cstoner','Password1',1,1,1),(NULL,'fqian','Password1',1,1,1),(NULL,'lrogers','Password1',1,1,1),(NULL,'tdillon','Password1',1,1,1);
/*!40000 ALTER TABLE `security_user` ENABLE KEYS */;
UNLOCK TABLES;

--
-- Table structure for table `user_attempts`
--

DROP TABLE IF EXISTS `user_attempts`;
/*!40101 SET @saved_cs_client     = @@character_set_client */;
/*!40101 SET character_set_client = utf8 */;
CREATE TABLE `user_attempts` (
  `USER_ATTEMPTS_ID` int(11) NOT NULL AUTO_INCREMENT,
  `USER_NAME` varchar(10) NOT NULL,
  `ATTEMPTS` int(11) NOT NULL DEFAULT '0',
  `LASTMODIFIED` datetime NOT NULL,
  PRIMARY KEY (`USER_ATTEMPTS_ID`)
) ENGINE=InnoDB AUTO_INCREMENT=41 DEFAULT CHARSET=utf8;
/*!40101 SET character_set_client = @saved_cs_client */;

--
-- Dumping data for table `user_attempts`
--

LOCK TABLES `user_attempts` WRITE;
/*!40000 ALTER TABLE `user_attempts` DISABLE KEYS */;
INSERT INTO `user_attempts` VALUES (1,'tdillon',0,'2014-11-19 09:19:02'),(2,'cstoner',0,'2014-11-19 09:19:02'),(10,'lrogers',0,'2014-11-19 09:19:02'),(20,'fqian',0,'2014-11-19 09:19:02'),(40,'csevedg',0,'2014-11-19 09:19:02');
/*!40000 ALTER TABLE `user_attempts` ENABLE KEYS */;
UNLOCK TABLES;

--
-- Table structure for table `user_role`
--

DROP TABLE IF EXISTS `user_role`;
/*!40101 SET @saved_cs_client     = @@character_set_client */;
/*!40101 SET character_set_client = utf8 */;
CREATE TABLE `user_role` (
  `USER_ROLE_ID` int(11) NOT NULL AUTO_INCREMENT,
  `USER_NAME` varchar(10) NOT NULL,
  `ROLE` varchar(45) NOT NULL,
  PRIMARY KEY (`USER_ROLE_ID`),
  KEY `FK_USER_ROLE_NAME` (`USER_NAME`),
  CONSTRAINT `FK_USER_ROLE_NAME` FOREIGN KEY (`USER_NAME`) REFERENCES `security_user` (`USER_NAME`) ON DELETE NO ACTION ON UPDATE NO ACTION
) ENGINE=InnoDB AUTO_INCREMENT=41 DEFAULT CHARSET=utf8;
/*!40101 SET character_set_client = @saved_cs_client */;

--
-- Dumping data for table `user_role`
--

LOCK TABLES `user_role` WRITE;
/*!40000 ALTER TABLE `user_role` DISABLE KEYS */;
INSERT INTO `user_role` VALUES (1,'tdillon','ROLE_USER'),(3,'cstoner','ROLE_USER'),(10,'lrogers','ROLE_USER'),(20,'fqian','ROLE_USER'),(40,'csevedg','ROLE_USER');
/*!40000 ALTER TABLE `user_role` ENABLE KEYS */;
UNLOCK TABLES;
/*!40103 SET TIME_ZONE=@OLD_TIME_ZONE */;

/*!40101 SET SQL_MODE=@OLD_SQL_MODE */;
/*!40014 SET FOREIGN_KEY_CHECKS=@OLD_FOREIGN_KEY_CHECKS */;
/*!40014 SET UNIQUE_CHECKS=@OLD_UNIQUE_CHECKS */;
/*!40101 SET CHARACTER_SET_CLIENT=@OLD_CHARACTER_SET_CLIENT */;
/*!40101 SET CHARACTER_SET_RESULTS=@OLD_CHARACTER_SET_RESULTS */;
/*!40101 SET COLLATION_CONNECTION=@OLD_COLLATION_CONNECTION */;
/*!40111 SET SQL_NOTES=@OLD_SQL_NOTES */;

-- Dump completed on 2015-03-30 15:58:51
